Time,Event Status,Is-Ready Power Status,Is-Charging Power Status,Multi-Purpose Input Status,Always-On Power Status,Errors Present,Charge-Enable Output Active,Discharge-Enable Output Active,Charger-Safety Output Active,HEM mode,Maximum cell number,Pack charge current limit,Pack discharge current limit,Pack amperage (current),Pack voltage,Pack open voltage,Pack state of charge,Pack amphours,Pack resistance,Pack depth of discharge,Pack state of health,Summed pack voltage,Total pack cycles,DCL Reduced Due To SOC,DCL Reduced Due To Cell Resistance,DCL Reduced Due To Temperature,DCL Reduced Due To Cell Voltage,DCL Reduced Due To Pack Voltage,Reduced Due To Voltage Failsafe,Multi-Unit Comm Failsafe,CCL Reduced Due To SOC,CCL Reduced Due To Cell Resistance,CCL Reduced Due To Temperature,CCL Reduced Due To Cell Voltage,CCL Reduced Due To Pack Voltage,CCL Zero Because Charge Complete,Simulated pack SOC,Battery mode,Requested battery mode,TP ADC,Highest battery temperature,Lowest battery temperature,Average battery temperature,Actual fan speed (0-6),Requested fan speed (0-6),Highest thermistor ID,Lowest thermistor ID,Lowest cell voltage,Highest cell voltage,Average cell voltage,Lowest open cell voltage,Highest open cell voltage,Average open cell voltage,Lowest cell resistance,Highest cell resistance,Average cell resistance,Highest cell voltage ID,Lowest cell voltage ID,Highest opencell ID,Lowest opencell ID,Highest resistance ID,Lowest resistance ID,12v supply (lower than actual),Current sensor ADC #1,Current sensor ADC #2,Voltage from fan sensor,Shortest Wave (Isolation),Average Wave (Isolation)
Sat Aug 19 15:51:14 KST 2023,0,1.0,0.0,0.0,0.0,0.0,0.0,1.0,0.0,0.0,72.0,44.0,216.0,0.0,271.1,271.1,71.5,19.7,0.364,28.0,100.0,271.12,3.0,0.0,1.0,0.0,0.0,0.0,0.0,0.0,0.0,0.0,0.0,0.0,0.0,0.0,0.0,20.0,8.0,271.1,33.0,31.0,32.0,0.0,0.0,104.0,129.0,3.853,3.875,3.873,3.853,3.875,3.873,5.2,5.2,5.2,19.0,51.0,19.0,51.0,1.0,1.0,13.9,2051.0,2051.0,0.0,4.371,4.99
Sat Aug 19 15:51:15 KST 2023,0,1.0,0.0,0.0,0.0,0.0,0.0,1.0,0.0,0.0,72.0,44.0,216.0,0.0,271.1,271.1,71.5,19.7,0.364,28.0,100.0,271.12,3.0,0.0,1.0,0.0,0.0,0.0,0.0,0.0,0.0,0.0,0.0,0.0,0.0,0.0,0.0,20.0,8.0,271.1,33.0,31.0,32.0,0.0,0.0,104.0,129.0,3.853,3.875,3.873,3.853,3.875,3.873,5.2,5.2,5.2,19.0,51.0,19.0,51.0,1.0,1.0,13.8,2051.0,2051.0,0.0,4.57,4.964
Sat Aug 19 15:51:16 KST 2023,0,1.0,0.0,0.0,0.0,0.0,0.0,1.0,0.0,0.0,72.0,44.0,216.0,0.0,271.1,271.1,71.5,19.7,0.364,28.0,100.0,271.12,3.0,0.0,1.0,0.0,0.0,0.0,0.0,0.0,0.0,0.0,0.0,0.0,0.0,0.0,0.0,20.0,8.0,271.1,33.0,31.0,32.0,0.0,0.0,104.0,129.0,3.853,3.875,3.873,3.853,3.875,3.873,5.2,5.2,5.2,19.0,51.0,19.0,51.0,1.0,1.0,13.8,2051.0,2051.0,0.0,4.664,4.938
Sat Aug 19 15:51:17 KST 2023,0,1.0,0.0,0.0,0.0,0.0,0.0,1.0,0.0,0.0,72.0,44.0,216.0,0.0,271.1,271.1,71.5,19.7,0.364,28.0,100.0,271.12,3.0,0.0,1.0,0.0,0.0,0.0,0.0,0.0,0.0,0.0,0.0,0.0,0.0,0.0,0.0,20.0,8.0,271.1,33.0,32.0,32.0,0.0,0.0,104.0,123.0,3.853,3.875,3.873,3.853,3.875,3.873,5.2,5.2,5.2,19.0,51.0,19.0,51.0,1.0,1.0,13.8,2051.0,2051.0,0.0,4.699,4.912
Sat Aug 19 15:51:18 KST 2023,0,1.0,0.0,0.0,0.0,0.0,0.0,1.0,0.0,0.0,72.0,44.0,216.0,0.0,271.1,271.1,71.5,19.7,0.364,28.0,100.0,271.12,3.0,0.0,1.0,0.0,0.0,0.0,0.0,0.0,0.0,0.0,0.0,0.0,0.0,0.0,0.0,20.0,8.0,271.1,33.0,32.0,32.0,0.0,0.0,104.0,123.0,3.853,3.875,3.873,3.853,3.875,3.873,5.2,5.2,5.2,19.0,51.0,19.0,51.0,1.0,1.0,13.8,2051.0,2051.0,0.0,4.709,4.894
Sat Aug 19 15:51:19 KST 2023,0,1.0,0.0,0.0,0.0,0.0,0.0,1.0,0.0,0.0,72.0,44.0,216.0,0.0,271.1,271.1,71.5,19.7,0.364,28.0,100.0,271.12,3.0,0.0,1.0,0.0,0.0,0.0,0.0,0.0,0.0,0.0,0.0,0.0,0.0,0.0,0.0,20.0,8.0,271.1,33.0,32.0,32.0,0.0,0.0,104.0,123.0,3.853,3.875,3.873,3.853,3.875,3.873,5.2,5.2,5.2,19.0,51.0,19.0,51.0,1.0,1.0,13.8,2050.0,2051.0,0.0,5.0,4.868
Sat Aug 19 15:51:20 KST 2023,0,1.0,0.0,0.0,0.0,0.0,0.0,1.0,0.0,0.0,72.0,44.0,216.0,0.0,271.1,271.1,71.5,19.7,0.364,28.0,100.0,271.12,3.0,0.0,1.0,0.0,0.0,0.0,0.0,0.0,0.0,0.0,0.0,0.0,0.0,0.0,0.0,20.0,8.0,271.1,33.0,32.0,32.0,0.0,0.0,104.0,123.0,3.853,3.875,3.873,3.853,3.875,3.873,5.2,5.2,5.2,19.0,51.0,19.0,51.0,1.0,1.0,13.8,2050.0,2051.0,0.0,5.0,4.868
Sat Aug 19 15:51:21 KST 2023,0,1.0,0.0,0.0,0.0,0.0,0.0,1.0,0.0,0.0,72.0,44.0,216.0,0.0,271.1,271.1,71.5,19.7,0.364,28.0,100.0,271.12,3.0,0.0,1.0,0.0,0.0,0.0,0.0,0.0,0.0,0.0,0.0,0.0,0.0,0.0,0.0,20.0,8.0,271.1,33.0,32.0,32.0,0.0,0.0,104.0,123.0,3.853,3.875,3.873,3.853,3.875,3.873,5.2,5.2,5.2,19.0,51.0,19.0,51.0,1.0,1.0,13.8,2050.0,2051.0,0.0,5.0,4.868
Sat Aug 19 15:51:22 KST 2023,0,1.0,0.0,0.0,0.0,0.0,0.0,1.0,0.0,0.0,72.0,44.0,216.0,0.0,271.1,271.1,71.5,19.7,0.364,28.0,100.0,271.12,3.0,0.0,1.0,0.0,0.0,0.0,0.0,0.0,0.0,0.0,0.0,0.0,0.0,0.0,0.0,20.0,8.0,271.1,33.0,32.0,32.0,0.0,0.0,104.0,123.0,3.853,3.875,3.873,3.853,3.875,3.873,5.2,5.2,5.2,19.0,51.0,19.0,51.0,1.0,1.0,13.8,2051.0,2051.0,0.0,5.0,4.868
Sat Aug 19 15:51:23 KST 2023,0,1.0,0.0,0.0,0.0,0.0,0.0,1.0,0.0,0.0,72.0,44.0,216.0,0.0,271.1,271.1,71.5,19.7,0.364,28.0,100.0,271.12,3.0,0.0,1.0,0.0,0.0,0.0,0.0,0.0,0.0,0.0,0.0,0.0,0.0,0.0,0.0,20.0,8.0,271.1,33.0,32.0,32.0,0.0,0.0,104.0,123.0,3.853,3.875,3.873,3.853,3.875,3.873,5.2,5.2,5.2,19.0,51.0,19.0,51.0,1.0,1.0,13.8,2051.0,2051.0,0.0,5.0,4.868
Sat Aug 19 15:51:24 KST 2023,0,1.0,0.0,0.0,0.0,0.0,0.0,1.0,0.0,0.0,72.0,44.0,216.0,0.0,271.1,271.1,71.5,19.7,0.364,28.0,100.0,271.12,3.0,0.0,1.0,0.0,0.0,0.0,0.0,0.0,0.0,0.0,0.0,0.0,0.0,0.0,0.0,20.0,8.0,271.1,33.0,32.0,32.0,0.0,0.0,104.0,123.0,3.853,3.875,3.873,3.853,3.875,3.873,5.2,5.2,5.2,19.0,51.0,19.0,51.0,1.0,1.0,13.8,2051.0,2051.0,0.0,4.796,4.86
Sat Aug 19 15:51:25 KST 2023,0,1.0,0.0,0.0,0.0,0.0,0.0,1.0,0.0,0.0,72.0,44.0,216.0,0.0,271.1,271.1,71.5,19.7,0.364,28.0,100.0,271.12,3.0,0.0,1.0,0.0,0.0,0.0,0.0,0.0,0.0,0.0,0.0,0.0,0.0,0.0,0.0,20.0,8.0,271.1,33.0,32.0,32.0,0.0,0.0,104.0,123.0,3.853,3.875,3.873,3.853,3.875,3.873,5.2,5.2,5.2,19.0,51.0,19.0,51.0,1.0,1.0,13.8,2051.0,2051.0,0.0,4.756,4.834
Sat Aug 19 15:51:26 KST 2023,0,1.0,0.0,0.0,0.0,0.0,0.0,1.0,0.0,0.0,72.0,44.0,216.0,0.0,271.1,271.1,71.5,19.7,0.364,28.0,100.0,271.12,3.0,0.0,1.0,0.0,0.0,0.0,0.0,0.0,0.0,0.0,0.0,0.0,0.0,0.0,0.0,20.0,8.0,271.1,33.0,32.0,32.0,0.0,0.0,104.0,123.0,3.853,3.875,3.873,3.853,3.875,3.873,5.2,5.2,5.2,19.0,51.0,19.0,51.0,1.0,1.0,13.8,2051.0,2051.0,0.0,4.74,4.808
Sat Aug 19 15:51:27 KST 2023,0,1.0,0.0,0.0,0.0,0.0,0.0,1.0,0.0,0.0,72.0,44.0,216.0,0.0,271.1,271.1,71.5,19.7,0.364,28.0,100.0,271.12,3.0,0.0,1.0,0.0,0.0,0.0,0.0,0.0,0.0,0.0,0.0,0.0,0.0,0.0,0.0,20.0,8.0,271.1,33.0,32.0,32.0,0.0,0.0,104.0,131.0,3.853,3.875,3.873,3.853,3.875,3.873,5.2,5.2,5.2,19.0,51.0,19.0,51.0,1.0,1.0,13.8,2051.0,2051.0,0.0,4.74,4.808
Sat Aug 19 15:51:28 KST 2023,0,1.0,0.0,0.0,0.0,0.0,0.0,1.0,0.0,0.0,72.0,44.0,216.0,0.0,271.1,271.1,71.5,19.7,0.364,28.0,100.0,271.12,3.0,0.0,1.0,0.0,0.0,0.0,0.0,0.0,0.0,0.0,0.0,0.0,0.0,0.0,0.0,20.0,8.0,271.1,33.0,32.0,32.0,0.0,0.0,104.0,131.0,3.853,3.875,3.873,3.853,3.875,3.873,5.2,5.2,5.2,19.0,51.0,19.0,51.0,1.0,1.0,13.8,2051.0,2051.0,0.0,4.736,4.799
Sat Aug 19 15:51:29 KST 2023,0,1.0,0.0,0.0,0.0,0.0,0.0,1.0,0.0,0.0,72.0,44.0,216.0,0.0,271.1,271.1,71.5,19.7,0.364,28.0,100.0,271.12,3.0,0.0,1.0,0.0,0.0,0.0,0.0,0.0,0.0,0.0,0.0,0.0,0.0,0.0,0.0,20.0,8.0,271.1,33.0,32.0,32.0,0.0,0.0,104.0,131.0,3.853,3.875,3.873,3.853,3.875,3.873,5.2,5.2,5.2,19.0,51.0,19.0,51.0,1.0,1.0,13.8,2051.0,2051.0,0.0,4.736,4.799
Sat Aug 19 15:51:30 KST 2023,0,1.0,0.0,0.0,0.0,0.0,0.0,1.0,0.0,0.0,72.0,44.0,216.0,0.0,271.1,271.1,71.5,19.7,0.364,28.0,100.0,271.12,3.0,0.0,1.0,0.0,0.0,0.0,0.0,0.0,0.0,0.0,0.0,0.0,0.0,0.0,0.0,20.0,8.0,271.1,33.0,32.0,32.0,0.0,0.0,104.0,131.0,3.853,3.875,3.873,3.853,3.875,3.873,5.2,5.2,5.2,26.0,51.0,26.0,51.0,1.0,1.0,13.8,2051.0,2051.0,0.0,4.349,4.78
Sat Aug 19 15:51:31 KST 2023,0,1.0,0.0,0.0,0.0,0.0,0.0,1.0,0.0,0.0,72.0,44.0,216.0,0.0,271.1,271.1,71.5,19.7,0.364,28.0,100.0,271.12,3.0,0.0,1.0,0.0,0.0,0.0,0.0,0.0,0.0,0.0,0.0,0.0,0.0,0.0,0.0,20.0,8.0,271.1,33.0,32.0,32.0,0.0,0.0,104.0,131.0,3.853,3.875,3.873,3.853,3.875,3.873,5.2,5.2,5.2,19.0,51.0,19.0,51.0,1.0,1.0,13.8,2051.0,2051.0,0.0,4.608,4.754
Sat Aug 19 15:51:32 KST 2023,0,1.0,0.0,0.0,0.0,0.0,0.0,1.0,0.0,0.0,72.0,44.0,216.0,0.0,271.1,271.1,71.5,19.7,0.364,28.0,100.0,271.12,3.0,0.0,1.0,0.0,0.0,0.0,0.0,0.0,0.0,0.0,0.0,0.0,0.0,0.0,0.0,20.0,8.0,271.1,33.0,32.0,32.0,0.0,0.0,104.0,131.0,3.853,3.875,3.873,3.853,3.875,3.873,5.2,5.2,5.2,19.0,51.0,19.0,51.0,1.0,1.0,13.8,2051.0,2051.0,0.0,4.677,4.728
Sat Aug 19 15:51:33 KST 2023,0,1.0,0.0,0.0,0.0,0.0,0.0,1.0,0.0,0.0,72.0,44.0,216.0,0.0,271.1,271.1,71.5,19.7,0.364,28.0,100.0,271.12,3.0,0.0,1.0,0.0,0.0,0.0,0.0,0.0,0.0,0.0,0.0,0.0,0.0,0.0,0.0,20.0,8.0,271.1,33.0,32.0,32.0,0.0,0.0,104.0,131.0,3.853,3.875,3.873,3.853,3.875,3.873,5.2,5.2,5.2,19.0,51.0,19.0,51.0,1.0,1.0,13.8,2051.0,2051.0,0.0,4.677,4.728
Sat Aug 19 15:51:34 KST 2023,0,1.0,0.0,0.0,0.0,0.0,0.0,1.0,0.0,0.0,72.0,44.0,216.0,0.0,271.1,271.1,71.5,19.7,0.364,28.0,100.0,271.12,3.0,0.0,1.0,0.0,0.0,0.0,0.0,0.0,0.0,0.0,0.0,0.0,0.0,0.0,0.0,20.0,8.0,271.1,33.0,32.0,32.0,0.0,0.0,104.0,131.0,3.853,3.875,3.873,3.853,3.875,3.873,5.2,5.2,5.2,19.0,51.0,19.0,51.0,1.0,1.0,13.8,2051.0,2051.0,0.0,4.704,4.702
Sat Aug 19 15:51:35 KST 2023,0,1.0,0.0,0.0,0.0,0.0,0.0,1.0,0.0,0.0,72.0,44.0,216.0,0.0,271.1,271.1,71.5,19.7,0.364,28.0,100.0,271.12,3.0,0.0,1.0,0.0,0.0,0.0,0.0,0.0,0.0,0.0,0.0,0.0,0.0,0.0,0.0,20.0,8.0,271.1,33.0,32.0,32.0,0.0,0.0,104.0,131.0,3.853,3.875,3.873,3.853,3.875,3.873,5.2,5.2,5.2,19.0,51.0,19.0,51.0,1.0,1.0,13.8,2051.0,2051.0,0.0,4.723,4.676
Sat Aug 19 15:51:36 KST 2023,0,1.0,0.0,0.0,0.0,0.0,0.0,1.0,0.0,0.0,72.0,44.0,216.0,0.0,271.1,271.1,71.5,19.7,0.364,28.0,100.0,271.13,3.0,0.0,1.0,0.0,0.0,0.0,0.0,0.0,0.0,0.0,0.0,0.0,0.0,0.0,0.0,20.0,8.0,271.1,33.0,32.0,32.0,0.0,0.0,104.0,131.0,3.853,3.875,3.873,3.853,3.875,3.873,5.2,5.2,5.2,26.0,51.0,19.0,51.0,1.0,1.0,13.8,2051.0,2051.0,0.0,4.723,4.676
Sat Aug 19 15:51:37 KST 2023,0,1.0,0.0,0.0,0.0,0.0,0.0,1.0,0.0,0.0,72.0,44.0,216.0,0.0,271.1,271.1,71.5,19.7,0.364,28.0,100.0,271.13,3.0,0.0,1.0,0.0,0.0,0.0,0.0,0.0,0.0,0.0,0.0,0.0,0.0,0.0,0.0,20.0,8.0,271.1,33.0,32.0,32.0,0.0,0.0,104.0,131.0,3.853,3.875,3.873,3.853,3.875,3.873,5.2,5.2,5.2,19.0,51.0,19.0,51.0,1.0,1.0,13.8,2050.0,2051.0,0.0,4.723,4.676
Sat Aug 19 15:51:38 KST 2023,0,1.0,0.0,0.0,0.0,0.0,0.0,1.0,0.0,0.0,72.0,44.0,216.0,0.0,271.1,271.1,71.5,19.7,0.364,28.0,100.0,271.12,3.0,0.0,1.0,0.0,0.0,0.0,0.0,0.0,0.0,0.0,0.0,0.0,0.0,0.0,0.0,20.0,8.0,271.1,33.0,32.0,32.0,0.0,0.0,104.0,131.0,3.854,3.875,3.873,3.853,3.875,3.873,5.2,5.2,5.2,19.0,51.0,19.0,51.0,1.0,1.0,13.8,2051.0,2052.0,0.0,4.723,4.676
Sat Aug 19 15:51:39 KST 2023,0,1.0,0.0,0.0,0.0,0.0,0.0,1.0,0.0,0.0,72.0,44.0,216.0,0.0,271.1,271.1,71.5,19.7,0.364,28.0,100.0,271.12,3.0,0.0,1.0,0.0,0.0,0.0,0.0,0.0,0.0,0.0,0.0,0.0,0.0,0.0,0.0,20.0,8.0,271.1,33.0,32.0,32.0,0.0,0.0,104.0,131.0,3.853,3.875,3.873,3.854,3.875,3.874,5.2,5.2,5.2,19.0,51.0,19.0,51.0,1.0,1.0,13.8,2051.0,2052.0,0.0,4.723,4.676
Sat Aug 19 15:51:40 KST 2023,0,1.0,0.0,0.0,0.0,0.0,0.0,1.0,0.0,0.0,72.0,44.0,216.0,0.0,271.1,271.1,71.5,19.7,0.364,28.0,100.0,271.12,3.0,0.0,1.0,0.0,0.0,0.0,0.0,0.0,0.0,0.0,0.0,0.0,0.0,0.0,0.0,20.0,8.0,271.1,33.0,32.0,32.0,0.0,0.0,104.0,131.0,3.853,3.875,3.873,3.854,3.875,3.873,5.2,5.2,5.2,19.0,51.0,19.0,51.0,1.0,1.0,13.8,2051.0,2052.0,0.0,4.723,4.676
Sat Aug 19 15:51:41 KST 2023,0,1.0,0.0,0.0,0.0,0.0,0.0,1.0,0.0,0.0,72.0,44.0,216.0,0.0,271.1,271.1,71.5,19.7,0.364,28.0,100.0,271.13,3.0,0.0,1.0,0.0,0.0,0.0,0.0,0.0,0.0,0.0,0.0,0.0,0.0,0.0,0.0,20.0,8.0,271.1,33.0,32.0,32.0,0.0,0.0,104.0,131.0,3.853,3.875,3.873,3.854,3.875,3.873,5.2,5.2,5.2,19.0,51.0,19.0,51.0,1.0,1.0,13.7,2051.0,2051.0,0.0,4.723,4.676
Sat Aug 19 15:51:42 KST 2023,0,1.0,0.0,0.0,0.0,0.0,0.0,1.0,0.0,0.0,72.0,44.0,216.0,0.0,271.1,271.1,71.5,19.7,0.364,28.0,100.0,271.12,3.0,0.0,1.0,0.0,0.0,0.0,0.0,0.0,0.0,0.0,0.0,0.0,0.0,0.0,0.0,20.0,8.0,271.1,33.0,32.0,32.0,0.0,0.0,104.0,131.0,3.853,3.875,3.873,3.853,3.875,3.873,5.2,5.2,5.2,19.0,51.0,19.0,51.0,1.0,1.0,13.8,2051.0,2051.0,0.0,4.723,4.676
Sat Aug 19 15:51:43 KST 2023,0,1.0,0.0,0.0,0.0,0.0,0.0,1.0,0.0,0.0,72.0,44.0,216.0,0.0,271.1,271.1,71.5,19.7,0.364,28.0,100.0,271.12,3.0,0.0,1.0,0.0,0.0,0.0,0.0,0.0,0.0,0.0,0.0,0.0,0.0,0.0,0.0,20.0,8.0,271.1,33.0,32.0,32.0,0.0,0.0,104.0,131.0,3.853,3.875,3.873,3.853,3.875,3.873,5.2,5.2,5.2,19.0,51.0,19.0,51.0,1.0,1.0,13.7,2051.0,2051.0,0.0,4.723,4.676
Sat Aug 19 15:51:44 KST 2023,0,1.0,0.0,0.0,0.0,0.0,0.0,1.0,0.0,0.0,72.0,44.0,216.0,0.0,271.1,271.1,71.5,19.7,0.364,28.0,100.0,271.13,3.0,0.0,1.0,0.0,0.0,0.0,0.0,0.0,0.0,0.0,0.0,0.0,0.0,0.0,0.0,20.0,8.0,271.1,33.0,32.0,32.0,0.0,0.0,104.0,131.0,3.853,3.875,3.873,3.853,3.875,3.873,5.2,5.2,5.2,19.0,51.0,19.0,51.0,1.0,1.0,13.7,2051.0,2051.0,0.0,4.723,4.676
Sat Aug 19 15:51:45 KST 2023,0,1.0,0.0,0.0,0.0,0.0,0.0,1.0,0.0,0.0,72.0,44.0,216.0,0.0,271.1,271.1,71.5,19.7,0.364,28.0,100.0,271.13,3.0,0.0,1.0,0.0,0.0,0.0,0.0,0.0,0.0,0.0,0.0,0.0,0.0,0.0,0.0,20.0,8.0,271.1,33.0,32.0,32.0,0.0,0.0,104.0,131.0,3.853,3.875,3.873,3.853,3.875,3.873,5.2,5.2,5.2,19.0,51.0,19.0,51.0,1.0,1.0,13.7,2051.0,2051.0,0.0,4.723,4.676
Sat Aug 19 15:51:46 KST 2023,0,1.0,0.0,0.0,0.0,0.0,0.0,1.0,0.0,0.0,72.0,44.0,216.0,0.0,271.1,271.1,71.5,19.7,0.364,28.0,100.0,271.13,3.0,0.0,1.0,0.0,0.0,0.0,0.0,0.0,0.0,0.0,0.0,0.0,0.0,0.0,0.0,20.0,8.0,271.1,33.0,32.0,32.0,0.0,0.0,104.0,131.0,3.854,3.875,3.873,3.853,3.875,3.873,5.2,5.2,5.2,19.0,51.0,19.0,51.0,1.0,1.0,13.7,2051.0,2051.0,0.0,4.723,4.676
Sat Aug 19 15:51:47 KST 2023,0,1.0,0.0,0.0,0.0,0.0,0.0,1.0,0.0,0.0,72.0,44.0,216.0,0.0,271.1,271.1,71.5,19.7,0.364,28.0,100.0,271.13,3.0,0.0,1.0,0.0,0.0,0.0,0.0,0.0,0.0,0.0,0.0,0.0,0.0,0.0,0.0,20.0,8.0,271.1,33.0,32.0,32.0,0.0,0.0,104.0,131.0,3.854,3.875,3.873,3.853,3.875,3.873,5.2,5.2,5.2,19.0,51.0,19.0,51.0,1.0,1.0,13.7,2051.0,2051.0,0.0,4.592,4.659
Sat Aug 19 15:51:48 KST 2023,0,1.0,0.0,0.0,0.0,0.0,0.0,1.0,0.0,0.0,72.0,44.0,216.0,0.0,271.1,271.1,71.5,19.7,0.364,28.0,100.0,271.13,3.0,0.0,1.0,0.0,0.0,0.0,0.0,0.0,0.0,0.0,0.0,0.0,0.0,0.0,0.0,20.0,8.0,271.1,33.0,32.0,32.0,0.0,0.0,104.0,131.0,3.854,3.875,3.873,3.854,3.875,3.873,5.2,5.2,5.2,19.0,51.0,19.0,51.0,1.0,1.0,13.7,2050.0,2051.0,0.0,4.653,4.633
Sat Aug 19 15:51:49 KST 2023,0,1.0,0.0,0.0,0.0,0.0,0.0,1.0,0.0,0.0,72.0,44.0,216.0,0.0,271.1,271.1,71.5,19.7,0.364,28.0,100.0,271.13,3.0,0.0,1.0,0.0,0.0,0.0,0.0,0.0,0.0,0.0,0.0,0.0,0.0,0.0,0.0,20.0,8.0,271.1,33.0,32.0,32.0,0.0,0.0,104.0,131.0,3.854,3.875,3.873,3.853,3.875,3.873,5.2,5.2,5.2,19.0,51.0,19.0,51.0,1.0,1.0,13.7,2051.0,2051.0,0.0,4.615,4.607
Sat Aug 19 15:51:50 KST 2023,0,1.0,0.0,0.0,0.0,0.0,0.0,1.0,0.0,0.0,72.0,44.0,216.0,0.0,271.1,271.1,71.5,19.7,0.364,28.0,100.0,271.13,3.0,0.0,1.0,0.0,0.0,0.0,0.0,0.0,0.0,0.0,0.0,0.0,0.0,0.0,0.0,20.0,8.0,271.1,33.0,32.0,32.0,0.0,0.0,104.0,131.0,3.854,3.875,3.873,3.854,3.875,3.873,5.2,5.2,5.2,19.0,51.0,19.0,51.0,1.0,1.0,13.8,2051.0,2051.0,0.0,4.637,4.598
Sat Aug 19 15:51:51 KST 2023,0,1.0,0.0,0.0,0.0,0.0,0.0,1.0,0.0,0.0,72.0,44.0,216.0,0.0,271.1,271.1,71.5,19.7,0.364,28.0,100.0,271.13,3.0,0.0,1.0,0.0,0.0,0.0,0.0,0.0,0.0,0.0,0.0,0.0,0.0,0.0,0.0,20.0,8.0,271.1,33.0,32.0,32.0,0.0,0.0,104.0,131.0,3.853,3.875,3.873,3.854,3.875,3.873,5.2,5.2,5.2,19.0,51.0,19.0,51.0,1.0,1.0,13.7,2053.0,2052.0,0.0,4.637,4.598
Sat Aug 19 15:51:52 KST 2023,0,1.0,0.0,0.0,0.0,0.0,0.0,1.0,0.0,0.0,72.0,44.0,216.0,0.0,271.1,271.1,71.5,19.7,0.364,28.0,100.0,271.12,3.0,0.0,1.0,0.0,0.0,0.0,0.0,0.0,0.0,0.0,0.0,0.0,0.0,0.0,0.0,20.0,8.0,271.1,33.0,32.0,32.0,0.0,0.0,104.0,131.0,3.853,3.875,3.873,3.853,3.875,3.873,5.2,5.2,5.2,19.0,51.0,19.0,51.0,1.0,1.0,13.8,2051.0,2052.0,0.0,4.637,4.598
Sat Aug 19 15:51:53 KST 2023,0,1.0,0.0,0.0,0.0,0.0,0.0,1.0,0.0,0.0,72.0,44.0,216.0,0.0,271.1,271.1,71.5,19.7,0.364,28.0,100.0,271.12,3.0,0.0,1.0,0.0,0.0,0.0,0.0,0.0,0.0,0.0,0.0,0.0,0.0,0.0,0.0,20.0,8.0,271.1,33.0,32.0,32.0,0.0,0.0,104.0,131.0,3.854,3.875,3.873,3.853,3.875,3.873,5.2,5.2,5.2,19.0,51.0,19.0,51.0,1.0,1.0,13.8,2051.0,2052.0,0.0,4.637,4.598
Sat Aug 19 15:51:54 KST 2023,0,1.0,0.0,0.0,0.0,0.0,0.0,1.0,0.0,0.0,72.0,44.0,216.0,0.0,271.1,271.1,71.5,19.7,0.364,28.0,100.0,271.13,3.0,0.0,1.0,0.0,0.0,0.0,0.0,0.0,0.0,0.0,0.0,0.0,0.0,0.0,0.0,20.0,8.0,271.1,33.0,32.0,32.0,0.0,0.0,104.0,131.0,3.854,3.875,3.873,3.853,3.875,3.873,5.2,5.2,5.2,19.0,51.0,19.0,51.0,1.0,1.0,13.7,2050.0,2051.0,0.0,4.43,4.553
Sat Aug 19 15:51:55 KST 2023,0,1.0,0.0,0.0,0.0,0.0,0.0,1.0,0.0,0.0,72.0,44.0,216.0,0.0,271.1,271.1,71.5,19.7,0.364,28.0,100.0,271.11,3.0,0.0,1.0,0.0,0.0,0.0,0.0,0.0,0.0,0.0,0.0,0.0,0.0,0.0,0.0,20.0,8.0,271.1,33.0,32.0,32.0,0.0,0.0,104.0,131.0,3.854,3.875,3.873,3.853,3.875,3.873,5.2,5.2,5.2,26.0,51.0,19.0,51.0,1.0,1.0,13.6,2054.0,2052.0,0.0,3.942,4.523
Sat Aug 19 15:51:56 KST 2023,0,1.0,0.0,0.0,0.0,0.0,0.0,1.0,0.0,0.0,72.0,44.0,216.0,0.0,271.1,271.1,71.5,19.7,0.364,28.0,100.0,271.11,3.0,0.0,1.0,0.0,0.0,0.0,0.0,0.0,0.0,0.0,0.0,0.0,0.0,0.0,0.0,20.0,8.0,271.1,33.0,32.0,32.0,0.0,0.0,104.0,131.0,3.853,3.875,3.873,3.854,3.875,3.874,5.2,5.2,5.2,26.0,51.0,19.0,51.0,1.0,1.0,13.6,2054.0,2052.0,0.0,4.562,4.497
Sat Aug 19 15:51:57 KST 2023,0,1.0,0.0,0.0,0.0,0.0,0.0,1.0,0.0,0.0,72.0,44.0,216.0,0.0,271.1,271.1,71.5,19.7,0.364,28.0,100.0,271.11,3.0,0.0,1.0,0.0,0.0,0.0,0.0,0.0,0.0,0.0,0.0,0.0,0.0,0.0,0.0,20.0,8.0,271.1,33.0,32.0,32.0,0.0,0.0,104.0,131.0,3.853,3.875,3.873,3.854,3.875,3.874,5.2,5.2,5.2,19.0,51.0,19.0,51.0,1.0,1.0,13.7,2054.0,2052.0,0.0,4.602,4.471
Sat Aug 19 15:51:58 KST 2023,0,1.0,0.0,0.0,0.0,0.0,0.0,1.0,0.0,0.0,72.0,44.0,216.0,0.0,271.1,271.1,71.5,19.7,0.364,28.0,100.0,271.11,3.0,0.0,1.0,0.0,0.0,0.0,0.0,0.0,0.0,0.0,0.0,0.0,0.0,0.0,0.0,20.0,8.0,271.1,33.0,32.0,32.0,0.0,0.0,104.0,131.0,3.853,3.875,3.873,3.854,3.875,3.874,5.2,5.2,5.2,19.0,51.0,19.0,51.0,1.0,1.0,13.7,2054.0,2052.0,0.0,4.602,4.471
Sat Aug 19 15:51:59 KST 2023,0,1.0,0.0,0.0,0.0,0.0,0.0,1.0,0.0,0.0,72.0,44.0,216.0,0.0,271.1,271.1,71.5,19.7,0.364,28.0,100.0,271.11,3.0,0.0,1.0,0.0,0.0,0.0,0.0,0.0,0.0,0.0,0.0,0.0,0.0,0.0,0.0,20.0,8.0,271.1,33.0,32.0,32.0,0.0,0.0,104.0,131.0,3.853,3.875,3.873,3.854,3.875,3.874,5.2,5.2,5.2,19.0,51.0,19.0,51.0,1.0,1.0,13.7,2054.0,2052.0,0.0,4.602,4.471
Sat Aug 19 15:52:00 KST 2023,0,1.0,0.0,0.0,0.0,0.0,0.0,1.0,0.0,0.0,72.0,44.0,216.0,0.1,271.0,271.1,71.5,19.7,0.364,28.0,100.0,271.11,3.0,0.0,1.0,0.0,0.0,0.0,0.0,0.0,0.0,0.0,0.0,0.0,0.0,0.0,0.0,20.0,8.0,271.1,33.0,32.0,32.0,0.0,0.0,104.0,131.0,3.853,3.875,3.873,3.854,3.875,3.874,5.2,5.2,5.2,26.0,51.0,19.0,51.0,1.0,1.0,13.7,2054.0,2052.0,0.0,4.602,4.471
Sat Aug 19 15:52:01 KST 2023,0,1.0,0.0,0.0,0.0,0.0,0.0,1.0,0.0,0.0,72.0,44.0,218.0,1.3,270.8,271.9,71.5,19.7,0.364,28.0,100.0,271.06,3.0,0.0,1.0,0.0,0.0,0.0,0.0,0.0,0.0,0.0,0.0,0.0,0.0,0.0,0.0,20.0,8.0,271.0,33.0,32.0,32.0,0.0,0.0,104.0,131.0,3.853,3.874,3.873,3.854,3.875,3.874,5.2,5.2,5.2,26.0,51.0,19.0,51.0,1.0,1.0,13.7,2075.0,2056.0,0.0,4.602,4.471
Sat Aug 19 15:52:02 KST 2023,0,1.0,0.0,0.0,0.0,0.0,0.0,1.0,0.0,0.0,72.0,44.0,216.0,1.5,270.8,271.1,71.5,19.7,0.364,28.0,100.0,271.04,3.0,0.0,1.0,0.0,0.0,0.0,0.0,0.0,0.0,0.0,0.0,0.0,0.0,0.0,0.0,20.0,8.0,271.0,33.0,32.0,32.0,0.0,0.0,104.0,131.0,3.853,3.874,3.873,3.854,3.875,3.874,5.2,5.2,5.2,19.0,51.0,19.0,51.0,1.0,1.0,13.7,2057.0,2052.0,0.0,4.602,4.471
Sat Aug 19 15:52:03 KST 2023,0,1.0,0.0,0.0,0.0,0.0,0.0,1.0,0.0,0.0,72.0,44.0,216.0,2.3,270.6,271.1,71.5,19.7,0.364,28.0,100.0,271.05,3.0,0.0,1.0,0.0,0.0,0.0,0.0,0.0,0.0,0.0,0.0,0.0,0.0,0.0,0.0,20.0,8.0,271.0,33.0,32.0,32.0,0.0,0.0,104.0,131.0,3.851,3.873,3.872,3.872,3.897,3.894,5.2,5.2,5.2,19.0,51.0,30.0,51.0,1.0,1.0,13.7,2056.0,2053.0,0.0,4.798,4.454
Sat Aug 19 15:52:04 KST 2023,0,1.0,0.0,0.0,0.0,0.0,0.0,1.0,0.0,0.0,72.0,44.0,216.0,0.2,271.0,271.1,71.5,19.7,0.364,28.0,100.0,271.05,3.0,0.0,1.0,0.0,0.0,0.0,0.0,0.0,0.0,0.0,0.0,0.0,0.0,0.0,0.0,20.0,8.0,271.0,33.0,32.0,32.0,0.0,0.0,104.0,131.0,3.852,3.874,3.872,3.853,3.875,3.874,5.2,5.2,5.2,19.0,51.0,19.0,51.0,1.0,1.0,13.6,2058.0,2053.0,0.0,4.646,4.428
Sat Aug 19 15:52:05 KST 2023,0,1.0,0.0,0.0,0.0,0.0,0.0,1.0,0.0,0.0,72.0,44.0,216.0,0.2,271.0,271.1,71.5,19.7,0.364,28.0,100.0,271.04,3.0,0.0,1.0,0.0,0.0,0.0,0.0,0.0,0.0,0.0,0.0,0.0,0.0,0.0,0.0,20.0,8.0,271.0,33.0,32.0,32.0,0.0,0.0,104.0,131.0,3.852,3.874,3.872,3.854,3.875,3.874,5.2,5.2,5.2,19.0,51.0,19.0,51.0,1.0,1.0,13.6,2058.0,2052.0,0.0,4.619,4.402
Sat Aug 19 15:52:06 KST 2023,0,1.0,0.0,0.0,0.0,0.0,0.0,1.0,0.0,0.0,72.0,44.0,216.0,0.1,271.0,271.1,71.5,19.7,0.364,28.0,100.0,271.06,3.0,0.0,1.0,0.0,0.0,0.0,0.0,0.0,0.0,0.0,0.0,0.0,0.0,0.0,0.0,20.0,8.0,271.0,33.0,32.0,32.0,0.0,0.0,104.0,131.0,3.853,3.874,3.872,3.854,3.875,3.873,5.2,5.2,5.2,19.0,51.0,19.0,51.0,1.0,1.0,13.7,2054.0,2052.0,0.0,4.619,4.402
Sat Aug 19 15:52:07 KST 2023,0,1.0,0.0,0.0,0.0,0.0,0.0,1.0,0.0,0.0,72.0,44.0,216.0,0.0,271.0,271.1,71.5,19.7,0.364,28.0,100.0,271.08,3.0,0.0,1.0,0.0,0.0,0.0,0.0,0.0,0.0,0.0,0.0,0.0,0.0,0.0,0.0,20.0,8.0,271.0,33.0,32.0,32.0,0.0,0.0,104.0,131.0,3.853,3.874,3.873,3.853,3.875,3.873,5.2,5.2,5.2,19.0,51.0,19.0,51.0,1.0,1.0,13.7,2054.0,2052.0,0.0,4.619,4.402
Sat Aug 19 15:52:08 KST 2023,0,1.0,0.0,0.0,0.0,0.0,0.0,1.0,0.0,0.0,72.0,44.0,216.0,0.0,271.0,271.1,71.5,19.7,0.364,28.0,100.0,271.08,3.0,0.0,1.0,0.0,0.0,0.0,0.0,0.0,0.0,0.0,0.0,0.0,0.0,0.0,0.0,20.0,8.0,271.0,33.0,32.0,32.0,0.0,0.0,104.0,131.0,3.853,3.874,3.873,3.853,3.875,3.873,5.2,5.2,5.2,19.0,51.0,19.0,51.0,1.0,1.0,13.7,2054.0,2052.0,0.0,4.619,4.402
Sat Aug 19 15:52:09 KST 2023,0,1.0,0.0,0.0,0.0,0.0,0.0,1.0,0.0,0.0,72.0,44.0,216.0,0.0,271.0,271.1,71.5,19.7,0.364,28.0,100.0,271.08,3.0,0.0,1.0,0.0,0.0,0.0,0.0,0.0,0.0,0.0,0.0,0.0,0.0,0.0,0.0,20.0,8.0,271.0,33.0,32.0,32.0,0.0,0.0,104.0,131.0,3.853,3.874,3.873,3.853,3.875,3.873,5.2,5.2,5.2,19.0,51.0,19.0,51.0,1.0,1.0,13.6,2054.0,2052.0,0.0,4.414,4.374
Sat Aug 19 15:52:10 KST 2023,0,1.0,0.0,0.0,0.0,0.0,0.0,1.0,0.0,0.0,72.0,44.0,216.0,0.0,271.0,271.1,71.5,19.7,0.364,28.0,100.0,271.08,3.0,0.0,1.0,0.0,0.0,0.0,0.0,0.0,0.0,0.0,0.0,0.0,0.0,0.0,0.0,20.0,8.0,271.0,33.0,32.0,32.0,0.0,0.0,104.0,131.0,3.853,3.874,3.873,3.853,3.875,3.873,5.2,5.2,5.2,19.0,51.0,19.0,51.0,1.0,1.0,13.6,2054.0,2052.0,0.0,4.514,4.356
Sat Aug 19 15:52:11 KST 2023,0,1.0,0.0,0.0,0.0,0.0,0.0,1.0,0.0,0.0,72.0,44.0,216.0,0.0,271.0,271.1,71.5,19.7,0.364,28.0,100.0,271.08,3.0,0.0,1.0,0.0,0.0,0.0,0.0,0.0,0.0,0.0,0.0,0.0,0.0,0.0,0.0,20.0,8.0,271.0,33.0,32.0,32.0,0.0,0.0,104.0,131.0,3.853,3.874,3.873,3.853,3.875,3.873,5.2,5.2,5.2,19.0,51.0,19.0,51.0,1.0,1.0,13.6,2054.0,2052.0,0.0,4.559,4.33
Sat Aug 19 15:52:12 KST 2023,0,1.0,0.0,0.0,0.0,0.0,0.0,1.0,0.0,0.0,72.0,44.0,216.0,0.0,271.0,271.1,71.5,19.7,0.364,28.0,100.0,271.09,3.0,0.0,1.0,0.0,0.0,0.0,0.0,0.0,0.0,0.0,0.0,0.0,0.0,0.0,0.0,20.0,8.0,271.0,33.0,32.0,32.0,0.0,0.0,104.0,131.0,3.853,3.875,3.873,3.854,3.875,3.873,5.2,5.2,5.2,19.0,51.0,19.0,51.0,1.0,1.0,13.6,2054.0,2052.0,0.0,4.592,4.304
Sat Aug 19 15:52:13 KST 2023,0,1.0,0.0,0.0,0.0,0.0,0.0,1.0,0.0,0.0,72.0,44.0,216.0,0.9,270.9,271.1,71.5,19.7,0.364,28.0,100.0,271.09,3.0,0.0,1.0,0.0,0.0,0.0,0.0,0.0,0.0,0.0,0.0,0.0,0.0,0.0,0.0,20.0,8.0,271.0,33.0,32.0,32.0,0.0,0.0,104.0,131.0,3.851,3.873,3.871,3.856,3.877,3.876,5.2,5.2,5.2,47.0,51.0,19.0,51.0,1.0,1.0,13.6,2076.0,2055.0,0.0,4.619,4.278
Sat Aug 19 15:52:14 KST 2023,0,1.0,0.0,0.0,0.0,0.0,0.0,1.0,0.0,0.0,72.0,44.0,216.0,1.9,270.7,271.1,71.5,19.7,0.364,28.0,100.0,270.85,3.0,0.0,1.0,0.0,0.0,0.0,0.0,0.0,0.0,0.0,0.0,0.0,0.0,0.0,0.0,20.0,8.0,270.8,33.0,32.0,32.0,0.0,0.0,104.0,131.0,3.849,3.87,3.869,3.858,3.88,3.879,5.2,5.2,5.2,30.0,51.0,19.0,51.0,1.0,1.0,13.6,2097.0,2058.0,0.0,4.619,4.278
Sat Aug 19 15:52:15 KST 2023,0,1.0,0.0,0.0,0.0,0.0,0.0,1.0,0.0,0.0,72.0,44.0,217.0,2.0,270.7,271.5,71.5,19.7,0.364,28.0,100.0,270.7,3.0,0.0,1.0,0.0,0.0,0.0,0.0,0.0,0.0,0.0,0.0,0.0,0.0,0.0,0.0,20.0,8.0,270.7,33.0,32.0,32.0,0.0,0.0,104.0,131.0,3.847,3.87,3.868,3.859,3.882,3.88,5.2,5.2,5.2,26.0,51.0,19.0,51.0,1.0,1.0,13.7,2070.0,2053.0,0.0,4.619,4.278
Sat Aug 19 15:52:16 KST 2023,0,1.0,0.0,0.0,0.0,0.0,0.0,1.0,0.0,0.0,72.0,44.0,217.0,0.2,270.9,271.2,71.5,19.7,0.364,28.0,100.0,271.01,3.0,0.0,1.0,0.0,0.0,0.0,0.0,0.0,0.0,0.0,0.0,0.0,0.0,0.0,0.0,20.0,8.0,271.0,33.0,32.0,32.0,0.0,0.0,104.0,131.0,3.852,3.874,3.872,3.853,3.875,3.873,5.2,5.2,5.2,19.0,51.0,19.0,51.0,1.0,1.0,13.6,2057.0,2052.0,0.0,4.619,4.278
Sat Aug 19 15:52:17 KST 2023,0,1.0,0.0,0.0,0.0,0.0,0.0,1.0,0.0,0.0,72.0,44.0,216.0,0.5,270.9,271.1,71.5,19.7,0.364,28.0,100.0,271.03,3.0,0.0,1.0,0.0,0.0,0.0,0.0,0.0,0.0,0.0,0.0,0.0,0.0,0.0,0.0,20.0,8.0,271.0,33.0,32.0,32.0,0.0,0.0,104.0,131.0,3.849,3.872,3.87,3.855,3.877,3.875,5.2,5.2,5.2,19.0,51.0,19.0,51.0,1.0,1.0,13.6,2057.0,2052.0,0.0,4.619,4.278
Sat Aug 19 15:52:18 KST 2023,0,1.0,0.0,0.0,0.0,0.0,0.0,1.0,0.0,0.0,72.0,44.0,217.0,1.6,270.7,271.4,71.5,19.7,0.364,28.0,100.0,270.79,3.0,0.0,1.0,0.0,0.0,0.0,0.0,0.0,0.0,0.0,0.0,0.0,0.0,0.0,0.0,20.0,8.0,270.8,33.0,32.0,32.0,0.0,0.0,104.0,131.0,3.849,3.871,3.869,3.857,3.879,3.878,5.2,5.2,5.2,19.0,51.0,19.0,51.0,1.0,1.0,13.6,2057.0,2056.0,0.0,4.619,4.278
Sat Aug 19 15:52:19 KST 2023,0,1.0,0.0,0.0,0.0,0.0,0.0,1.0,0.0,0.0,72.0,44.0,216.0,0.4,270.9,271.1,71.5,19.7,0.364,28.0,100.0,271.02,3.0,0.0,1.0,0.0,0.0,0.0,0.0,0.0,0.0,0.0,0.0,0.0,0.0,0.0,0.0,20.0,8.0,271.0,33.0,32.0,32.0,0.0,0.0,104.0,131.0,3.849,3.871,3.869,3.857,3.879,3.878,5.2,5.2,5.2,19.0,51.0,19.0,51.0,1.0,1.0,13.6,2065.0,2053.0,0.0,4.682,4.261
Sat Aug 19 15:52:20 KST 2023,0,1.0,0.0,0.0,0.0,0.0,0.0,1.0,0.0,0.0,72.0,44.0,217.0,1.1,270.8,271.3,71.5,19.7,0.364,28.0,100.0,270.86,3.0,0.0,1.0,0.0,0.0,0.0,0.0,0.0,0.0,0.0,0.0,0.0,0.0,0.0,0.0,20.0,8.0,270.8,33.0,32.0,32.0,0.0,0.0,104.0,131.0,3.849,3.871,3.871,3.855,3.877,3.876,5.2,5.2,5.2,47.0,51.0,19.0,51.0,1.0,1.0,13.6,2065.0,2055.0,0.0,4.635,4.235
Sat Aug 19 15:52:21 KST 2023,0,1.0,0.0,0.0,0.0,0.0,0.0,1.0,0.0,0.0,72.0,44.0,217.0,0.7,270.8,271.2,71.5,19.7,0.364,28.0,100.0,270.97,3.0,0.0,1.0,0.0,0.0,0.0,0.0,0.0,0.0,0.0,0.0,0.0,0.0,0.0,0.0,20.0,8.0,270.8,33.0,32.0,32.0,0.0,0.0,104.0,131.0,3.849,3.871,3.869,3.855,3.878,3.876,5.2,5.2,5.2,47.0,51.0,30.0,51.0,1.0,1.0,13.6,2059.0,2053.0,0.0,4.637,4.209
Sat Aug 19 15:52:22 KST 2023,0,1.0,0.0,0.0,0.0,0.0,0.0,1.0,0.0,0.0,72.0,44.0,217.0,1.1,270.8,271.3,71.5,19.7,0.364,28.0,100.0,270.89,3.0,0.0,1.0,0.0,0.0,0.0,0.0,0.0,0.0,0.0,0.0,0.0,0.0,0.0,0.0,20.0,8.0,270.8,33.0,32.0,32.0,0.0,0.0,104.0,131.0,3.849,3.872,3.87,3.856,3.878,3.876,5.2,5.2,5.2,19.0,51.0,19.0,51.0,1.0,1.0,13.6,2081.0,2055.0,0.0,4.621,4.2
Sat Aug 19 15:52:23 KST 2023,0,1.0,0.0,0.0,0.0,0.0,0.0,1.0,0.0,0.0,72.0,44.0,216.0,4.6,270.2,271.3,71.5,19.7,0.364,28.0,100.0,270.89,3.0,0.0,1.0,0.0,0.0,0.0,0.0,0.0,0.0,0.0,0.0,0.0,0.0,0.0,0.0,20.0,8.0,270.3,33.0,32.0,32.0,0.0,0.0,104.0,131.0,3.813,3.841,3.835,3.879,3.904,3.901,5.2,5.2,5.2,30.0,51.0,47.0,51.0,1.0,1.0,13.6,2054.0,2050.0,0.0,4.621,4.2
Sat Aug 19 15:52:24 KST 2023,0,1.0,0.0,0.0,0.0,0.0,0.0,1.0,0.0,0.0,72.0,44.0,216.0,0.1,270.9,271.3,71.5,19.7,0.364,28.0,100.0,270.99,3.0,0.0,1.0,0.0,0.0,0.0,0.0,0.0,0.0,0.0,0.0,0.0,0.0,0.0,0.0,20.0,8.0,270.9,33.0,32.0,32.0,0.0,0.0,104.0,131.0,3.852,3.873,3.872,3.852,3.874,3.872,5.2,5.2,5.2,19.0,51.0,26.0,51.0,1.0,1.0,13.6,2056.0,2052.0,0.0,4.329,4.18
Sat Aug 19 15:52:25 KST 2023,0,1.0,0.0,0.0,0.0,0.0,0.0,1.0,0.0,0.0,72.0,44.0,216.0,1.9,270.6,271.0,71.5,19.7,0.364,28.0,100.0,270.05,3.0,0.0,1.0,0.0,0.0,0.0,0.0,0.0,0.0,0.0,0.0,0.0,0.0,0.0,0.0,20.0,8.0,270.0,33.0,32.0,32.0,0.0,0.0,104.0,131.0,3.851,3.873,3.871,3.86,3.883,3.881,5.2,5.2,5.2,19.0,51.0,19.0,51.0,1.0,1.0,13.7,2056.0,2052.0,0.0,4.358,4.152
Sat Aug 19 15:52:26 KST 2023,0,1.0,0.0,0.0,0.0,0.0,0.0,1.0,0.0,0.0,72.0,44.0,216.0,1.2,270.7,271.0,71.5,19.7,0.364,28.0,100.0,270.98,3.0,0.0,1.0,0.0,0.0,0.0,0.0,0.0,0.0,0.0,0.0,0.0,0.0,0.0,0.0,20.0,8.0,270.9,33.0,32.0,32.0,0.0,0.0,104.0,131.0,3.846,3.869,3.867,3.857,3.879,3.877,5.2,5.2,5.2,19.0,51.0,19.0,51.0,1.0,1.0,13.6,2102.0,2059.0,0.0,4.548,4.126
Sat Aug 19 15:52:27 KST 2023,0,1.0,0.0,0.0,0.0,0.0,0.0,1.0,0.0,0.0,72.0,44.0,217.0,0.2,270.9,271.2,71.5,19.7,0.364,28.0,100.0,270.97,3.0,0.0,1.0,0.0,0.0,0.0,0.0,0.0,0.0,0.0,0.0,0.0,0.0,0.0,0.0,20.0,8.0,270.9,33.0,32.0,32.0,0.0,0.0,104.0,131.0,3.851,3.873,3.871,3.853,3.875,3.873,5.2,5.2,5.2,19.0,51.0,19.0,51.0,1.0,1.0,13.6,2102.0,2059.0,0.0,4.548,4.126
Sat Aug 19 15:52:28 KST 2023,0,1.0,0.0,0.0,0.0,0.0,0.0,1.0,0.0,0.0,72.0,44.0,216.0,0.2,270.9,271.0,71.5,19.7,0.364,28.0,100.0,270.99,3.0,0.0,1.0,0.0,0.0,0.0,0.0,0.0,0.0,0.0,0.0,0.0,0.0,0.0,0.0,20.0,8.0,270.9,33.0,32.0,32.0,0.0,0.0,104.0,131.0,3.851,3.873,3.871,3.853,3.874,3.873,5.2,5.2,5.2,19.0,51.0,19.0,51.0,1.0,1.0,13.6,2102.0,2059.0,0.0,4.597,4.1
Sat Aug 19 15:52:29 KST 2023,0,1.0,0.0,0.0,0.0,0.0,0.0,1.0,0.0,0.0,72.0,44.0,223.0,4.3,270.3,273.6,71.5,19.7,0.364,28.0,100.0,270.94,3.0,0.0,1.0,0.0,0.0,0.0,0.0,0.0,0.0,0.0,0.0,0.0,0.0,0.0,0.0,20.0,8.0,270.9,33.0,32.0,32.0,0.0,0.0,104.0,131.0,3.834,3.861,3.857,3.864,3.874,3.873,5.2,5.2,5.2,19.0,51.0,19.0,51.0,1.0,1.0,13.6,2271.0,2092.0,0.0,4.595,4.083
Sat Aug 19 15:52:30 KST 2023,0,1.0,0.0,0.0,0.0,0.0,0.0,1.0,0.0,0.0,72.0,44.0,216.0,0.9,270.7,270.9,71.5,19.7,0.364,28.0,100.0,270.96,3.0,0.0,1.0,0.0,0.0,0.0,0.0,0.0,0.0,0.0,0.0,0.0,0.0,0.0,0.0,20.0,8.0,270.9,33.0,32.0,32.0,0.0,0.0,104.0,131.0,3.834,3.861,3.857,3.864,3.874,3.873,5.2,5.2,5.2,30.0,51.0,56.0,51.0,1.0,1.0,13.6,2056.0,2051.0,0.0,5.0,4.066
Sat Aug 19 15:52:31 KST 2023,0,1.0,0.0,0.0,0.0,0.0,0.0,1.0,0.0,0.0,72.0,44.0,217.0,3.8,270.4,271.3,71.5,19.7,0.364,28.0,100.0,269.45,3.0,0.0,1.0,0.0,0.0,0.0,0.0,0.0,0.0,0.0,0.0,0.0,0.0,0.0,0.0,20.0,8.0,270.9,33.0,32.0,32.0,0.0,0.0,104.0,131.0,3.845,3.864,3.856,3.854,3.876,3.874,5.2,5.2,5.2,56.0,51.0,19.0,51.0,1.0,1.0,13.6,2053.0,2052.0,0.0,5.0,4.066
Sat Aug 19 15:52:32 KST 2023,0,1.0,0.0,0.0,0.0,0.0,0.0,1.0,0.0,0.0,72.0,44.0,216.0,0.0,270.9,270.9,71.5,19.7,0.364,28.0,100.0,270.93,3.0,0.0,1.0,0.0,0.0,0.0,0.0,0.0,0.0,0.0,0.0,0.0,0.0,0.0,0.0,20.0,8.0,270.9,33.0,32.0,32.0,0.0,0.0,104.0,131.0,3.851,3.872,3.871,3.873,3.898,3.896,5.2,5.2,5.2,19.0,51.0,30.0,51.0,1.0,1.0,13.6,2057.0,2050.0,0.0,5.0,4.066
Sat Aug 19 15:52:33 KST 2023,0,1.0,0.0,0.0,0.0,0.0,0.0,1.0,0.0,0.0,72.0,44.0,216.0,0.2,270.9,271.0,71.5,19.7,0.364,28.0,100.0,270.93,3.0,0.0,1.0,0.0,0.0,0.0,0.0,0.0,0.0,0.0,0.0,0.0,0.0,0.0,0.0,20.0,8.0,270.9,33.0,32.0,32.0,0.0,0.0,104.0,131.0,3.85,3.872,3.871,3.852,3.874,3.872,5.2,5.2,5.2,19.0,51.0,19.0,51.0,1.0,1.0,13.6,2056.0,2052.0,0.0,5.0,4.066
Sat Aug 19 15:52:34 KST 2023,0,1.0,0.0,0.0,0.0,0.0,0.0,1.0,0.0,0.0,72.0,44.0,216.0,0.2,270.9,271.0,71.5,19.7,0.364,28.0,100.0,270.93,3.0,0.0,1.0,0.0,0.0,0.0,0.0,0.0,0.0,0.0,0.0,0.0,0.0,0.0,0.0,20.0,8.0,270.9,33.0,32.0,32.0,0.0,0.0,104.0,131.0,3.851,3.873,3.871,3.852,3.874,3.872,5.2,5.2,5.2,19.0,51.0,19.0,51.0,1.0,1.0,13.6,2058.0,2052.0,0.0,4.68,4.057
Sat Aug 19 15:52:35 KST 2023,0,1.0,0.0,0.0,0.0,0.0,0.0,1.0,0.0,0.0,72.0,44.0,216.0,0.2,270.9,271.0,71.5,19.7,0.364,28.0,100.0,270.96,3.0,0.0,1.0,0.0,0.0,0.0,0.0,0.0,0.0,0.0,0.0,0.0,0.0,0.0,0.0,20.0,8.0,270.9,33.0,32.0,32.0,0.0,0.0,104.0,131.0,3.851,3.873,3.871,3.852,3.874,3.872,5.2,5.2,5.2,19.0,51.0,19.0,51.0,1.0,1.0,13.6,2056.0,2052.0,0.0,4.653,4.031
Sat Aug 19 15:52:36 KST 2023,0,1.0,0.0,0.0,0.0,0.0,0.0,1.0,0.0,0.0,72.0,44.0,216.0,0.1,270.9,271.0,71.5,19.7,0.364,28.0,100.0,270.98,3.0,0.0,1.0,0.0,0.0,0.0,0.0,0.0,0.0,0.0,0.0,0.0,0.0,0.0,0.0,20.0,8.0,270.9,33.0,32.0,32.0,0.0,0.0,104.0,131.0,3.851,3.873,3.871,3.852,3.874,3.872,5.2,5.2,5.2,19.0,51.0,19.0,51.0,1.0,1.0,13.6,2054.0,2052.0,0.0,4.637,4.005
Sat Aug 19 15:52:37 KST 2023,0,1.0,0.0,0.0,0.0,0.0,0.0,1.0,0.0,0.0,72.0,44.0,216.0,0.0,270.9,271.0,71.5,19.7,0.364,28.0,100.0,270.99,3.0,0.0,1.0,0.0,0.0,0.0,0.0,0.0,0.0,0.0,0.0,0.0,0.0,0.0,0.0,20.0,8.0,270.9,33.0,32.0,32.0,0.0,0.0,104.0,131.0,3.851,3.873,3.871,3.852,3.874,3.872,5.2,5.2,5.2,19.0,51.0,19.0,51.0,1.0,1.0,13.6,2054.0,2052.0,0.0,4.64,3.996
Sat Aug 19 15:52:38 KST 2023,0,1.0,0.0,0.0,0.0,0.0,0.0,1.0,0.0,0.0,72.0,44.0,216.0,0.0,270.9,271.0,71.5,19.7,0.364,28.0,100.0,271.0,3.0,0.0,1.0,0.0,0.0,0.0,0.0,0.0,0.0,0.0,0.0,0.0,0.0,0.0,0.0,20.0,8.0,271.0,33.0,32.0,32.0,0.0,0.0,104.0,131.0,3.851,3.873,3.872,3.852,3.874,3.872,5.2,5.2,5.2,19.0,51.0,19.0,51.0,1.0,1.0,13.6,2054.0,2052.0,0.0,4.64,3.996
Sat Aug 19 15:52:39 KST 2023,0,1.0,0.0,0.0,0.0,0.0,0.0,1.0,0.0,0.0,72.0,44.0,216.0,0.0,271.0,271.0,71.5,19.7,0.364,28.0,100.0,271.0,3.0,0.0,1.0,0.0,0.0,0.0,0.0,0.0,0.0,0.0,0.0,0.0,0.0,0.0,0.0,20.0,8.0,271.0,33.0,32.0,32.0,0.0,0.0,104.0,131.0,3.851,3.873,3.872,3.852,3.874,3.872,5.2,5.2,5.2,19.0,51.0,19.0,51.0,1.0,1.0,13.6,2054.0,2052.0,0.0,4.64,3.996
Sat Aug 19 15:52:40 KST 2023,0,1.0,0.0,0.0,0.0,0.0,0.0,1.0,0.0,0.0,72.0,44.0,216.0,0.0,271.0,271.0,71.5,19.7,0.364,28.0,100.0,271.01,3.0,0.0,1.0,0.0,0.0,0.0,0.0,0.0,0.0,0.0,0.0,0.0,0.0,0.0,0.0,20.0,8.0,271.0,33.0,32.0,32.0,0.0,0.0,104.0,131.0,3.852,3.873,3.872,3.852,3.874,3.872,5.2,5.2,5.2,19.0,51.0,19.0,51.0,1.0,1.0,13.6,2054.0,2052.0,0.0,4.246,3.986
Sat Aug 19 15:52:41 KST 2023,0,1.0,0.0,0.0,0.0,0.0,0.0,1.0,0.0,0.0,72.0,44.0,216.0,0.0,271.0,271.0,71.5,19.7,0.364,28.0,100.0,271.01,3.0,0.0,1.0,0.0,0.0,0.0,0.0,0.0,0.0,0.0,0.0,0.0,0.0,0.0,0.0,20.0,8.0,271.0,33.0,32.0,32.0,0.0,0.0,104.0,131.0,3.852,3.873,3.872,3.852,3.874,3.872,5.2,5.2,5.2,19.0,51.0,19.0,51.0,1.0,1.0,13.6,2054.0,2052.0,0.0,4.452,3.958
Sat Aug 19 15:52:42 KST 2023,0,1.0,0.0,0.0,0.0,0.0,0.0,1.0,0.0,0.0,72.0,44.0,216.0,0.0,271.0,271.0,71.5,19.7,0.364,28.0,100.0,271.01,3.0,0.0,1.0,0.0,0.0,0.0,0.0,0.0,0.0,0.0,0.0,0.0,0.0,0.0,0.0,20.0,8.0,271.0,33.0,32.0,32.0,0.0,0.0,104.0,131.0,3.852,3.873,3.872,3.852,3.874,3.872,5.2,5.2,5.2,19.0,51.0,19.0,51.0,1.0,1.0,13.6,2054.0,2052.0,0.0,4.554,3.932
Sat Aug 19 15:52:43 KST 2023,0,1.0,0.0,0.0,0.0,0.0,0.0,1.0,0.0,0.0,72.0,44.0,216.0,0.0,271.0,271.0,71.5,19.7,0.364,28.0,100.0,271.02,3.0,0.0,1.0,0.0,0.0,0.0,0.0,0.0,0.0,0.0,0.0,0.0,0.0,0.0,0.0,20.0,8.0,271.0,33.0,32.0,32.0,0.0,0.0,104.0,131.0,3.852,3.874,3.872,3.852,3.874,3.872,5.2,5.2,5.2,19.0,51.0,19.0,51.0,1.0,1.0,13.6,2054.0,2052.0,0.0,4.575,3.906
Sat Aug 19 15:52:44 KST 2023,0,1.0,0.0,0.0,0.0,0.0,0.0,1.0,0.0,0.0,72.0,44.0,216.0,0.0,271.0,271.0,71.5,19.7,0.364,28.0,100.0,271.02,3.0,0.0,1.0,0.0,0.0,0.0,0.0,0.0,0.0,0.0,0.0,0.0,0.0,0.0,0.0,20.0,8.0,271.0,33.0,32.0,32.0,0.0,0.0,104.0,131.0,3.852,3.874,3.872,3.852,3.874,3.872,5.2,5.2,5.2,19.0,51.0,19.0,51.0,1.0,1.0,13.6,2054.0,2052.0,0.0,4.602,3.88
Sat Aug 19 15:52:45 KST 2023,0,1.0,0.0,0.0,0.0,0.0,0.0,1.0,0.0,0.0,72.0,44.0,216.0,0.0,271.0,271.0,71.5,19.7,0.364,28.0,100.0,271.02,3.0,0.0,1.0,0.0,0.0,0.0,0.0,0.0,0.0,0.0,0.0,0.0,0.0,0.0,0.0,20.0,8.0,271.0,33.0,32.0,32.0,0.0,0.0,104.0,131.0,3.852,3.874,3.872,3.852,3.874,3.872,5.2,5.2,5.2,19.0,51.0,19.0,51.0,1.0,1.0,13.6,2054.0,2052.0,0.0,4.597,3.871
Sat Aug 19 15:52:46 KST 2023,0,1.0,0.0,0.0,0.0,0.0,0.0,1.0,0.0,0.0,72.0,44.0,216.0,0.0,271.0,271.0,71.5,19.7,0.364,28.0,100.0,271.02,3.0,0.0,1.0,0.0,0.0,0.0,0.0,0.0,0.0,0.0,0.0,0.0,0.0,0.0,0.0,20.0,8.0,271.0,33.0,32.0,32.0,0.0,0.0,104.0,131.0,3.852,3.874,3.872,3.852,3.874,3.872,5.2,5.2,5.2,19.0,51.0,19.0,51.0,1.0,1.0,13.6,2054.0,2052.0,0.0,4.597,3.871
Sat Aug 19 15:52:47 KST 2023,0,1.0,0.0,0.0,0.0,0.0,0.0,1.0,0.0,0.0,72.0,44.0,216.0,0.0,271.0,271.0,71.5,19.7,0.364,28.0,100.0,271.03,3.0,0.0,1.0,0.0,0.0,0.0,0.0,0.0,0.0,0.0,0.0,0.0,0.0,0.0,0.0,20.0,8.0,271.0,33.0,32.0,32.0,0.0,0.0,104.0,131.0,3.852,3.874,3.872,3.853,3.874,3.872,5.2,5.2,5.2,19.0,51.0,19.0,51.0,1.0,1.0,13.6,2054.0,2052.0,0.0,4.597,3.871
Sat Aug 19 15:52:48 KST 2023,0,1.0,0.0,0.0,0.0,0.0,0.0,1.0,0.0,0.0,72.0,44.0,216.0,0.0,271.0,271.0,71.5,19.7,0.364,28.0,100.0,271.03,3.0,0.0,1.0,0.0,0.0,0.0,0.0,0.0,0.0,0.0,0.0,0.0,0.0,0.0,0.0,20.0,8.0,271.0,33.0,32.0,32.0,0.0,0.0,104.0,131.0,3.852,3.874,3.872,3.853,3.874,3.872,5.2,5.2,5.2,19.0,51.0,19.0,51.0,1.0,1.0,13.6,2054.0,2052.0,0.0,4.597,3.871
Sat Aug 19 15:52:49 KST 2023,0,1.0,0.0,0.0,0.0,0.0,0.0,1.0,0.0,0.0,72.0,44.0,216.0,0.0,271.0,271.0,71.5,19.7,0.364,28.0,100.0,271.03,3.0,0.0,1.0,0.0,0.0,0.0,0.0,0.0,0.0,0.0,0.0,0.0,0.0,0.0,0.0,20.0,8.0,271.0,33.0,32.0,32.0,0.0,0.0,104.0,131.0,3.852,3.874,3.872,3.853,3.874,3.872,5.2,5.2,5.2,19.0,51.0,19.0,51.0,1.0,1.0,13.6,2054.0,2052.0,0.0,4.597,3.871
Sat Aug 19 15:52:50 KST 2023,0,1.0,0.0,0.0,0.0,0.0,0.0,1.0,0.0,0.0,72.0,44.0,216.0,0.0,271.0,271.0,71.5,19.7,0.364,28.0,100.0,271.04,3.0,0.0,1.0,0.0,0.0,0.0,0.0,0.0,0.0,0.0,0.0,0.0,0.0,0.0,0.0,20.0,8.0,271.0,33.0,32.0,32.0,0.0,0.0,104.0,131.0,3.852,3.874,3.872,3.853,3.874,3.873,5.2,5.2,5.2,19.0,51.0,19.0,51.0,1.0,1.0,13.6,2054.0,2052.0,0.0,4.597,3.871
Sat Aug 19 15:52:51 KST 2023,0,1.0,0.0,0.0,0.0,0.0,0.0,1.0,0.0,0.0,72.0,44.0,216.0,0.0,271.0,271.0,71.5,19.7,0.364,28.0,100.0,271.04,3.0,0.0,1.0,0.0,0.0,0.0,0.0,0.0,0.0,0.0,0.0,0.0,0.0,0.0,0.0,20.0,8.0,271.0,33.0,32.0,32.0,0.0,0.0,104.0,131.0,3.852,3.874,3.872,3.853,3.874,3.873,5.2,5.2,5.2,19.0,51.0,19.0,51.0,1.0,1.0,13.6,2054.0,2052.0,0.0,4.662,3.845
Sat Aug 19 15:52:52 KST 2023,0,1.0,0.0,0.0,0.0,0.0,0.0,1.0,0.0,0.0,72.0,44.0,216.0,0.0,271.0,271.0,71.5,19.7,0.364,28.0,100.0,271.04,3.0,0.0,1.0,0.0,0.0,0.0,0.0,0.0,0.0,0.0,0.0,0.0,0.0,0.0,0.0,20.0,8.0,271.0,33.0,32.0,32.0,0.0,0.0,104.0,131.0,3.852,3.874,3.872,3.853,3.874,3.873,5.2,5.2,5.2,19.0,51.0,19.0,51.0,1.0,1.0,13.6,2054.0,2052.0,0.0,4.624,3.819
Sat Aug 19 15:52:53 KST 2023,0,1.0,0.0,0.0,0.0,0.0,0.0,1.0,0.0,0.0,72.0,44.0,216.0,0.0,271.0,271.0,71.5,19.7,0.364,28.0,100.0,271.04,3.0,0.0,1.0,0.0,0.0,0.0,0.0,0.0,0.0,0.0,0.0,0.0,0.0,0.0,0.0,20.0,8.0,271.0,33.0,32.0,32.0,0.0,0.0,104.0,131.0,3.852,3.874,3.872,3.853,3.874,3.873,5.2,5.2,5.2,19.0,51.0,19.0,51.0,1.0,1.0,13.6,2054.0,2052.0,0.0,4.642,3.802
Sat Aug 19 15:52:54 KST 2023,0,1.0,0.0,0.0,0.0,0.0,0.0,1.0,0.0,0.0,72.0,44.0,216.0,0.0,271.0,271.0,71.5,19.7,0.364,28.0,100.0,271.04,3.0,0.0,1.0,0.0,0.0,0.0,0.0,0.0,0.0,0.0,0.0,0.0,0.0,0.0,0.0,20.0,8.0,271.0,33.0,32.0,32.0,0.0,0.0,104.0,131.0,3.852,3.874,3.872,3.853,3.874,3.873,5.2,5.2,5.2,19.0,51.0,19.0,51.0,1.0,1.0,13.6,2054.0,2052.0,0.0,4.642,3.802
Sat Aug 19 15:52:55 KST 2023,0,1.0,0.0,0.0,0.0,0.0,0.0,1.0,0.0,0.0,72.0,44.0,216.0,0.0,271.0,271.0,71.5,19.7,0.364,28.0,100.0,271.04,3.0,0.0,1.0,0.0,0.0,0.0,0.0,0.0,0.0,0.0,0.0,0.0,0.0,0.0,0.0,20.0,8.0,271.0,33.0,32.0,32.0,0.0,0.0,104.0,131.0,3.852,3.874,3.872,3.853,3.874,3.873,5.2,5.2,5.2,19.0,51.0,19.0,51.0,1.0,1.0,13.6,2054.0,2052.0,0.0,4.642,3.802
Sat Aug 19 15:52:56 KST 2023,0,1.0,0.0,0.0,0.0,0.0,0.0,1.0,0.0,0.0,72.0,44.0,216.0,0.0,271.0,271.0,71.5,19.7,0.364,28.0,100.0,271.04,3.0,0.0,1.0,0.0,0.0,0.0,0.0,0.0,0.0,0.0,0.0,0.0,0.0,0.0,0.0,20.0,8.0,271.0,33.0,32.0,32.0,0.0,0.0,104.0,131.0,3.852,3.874,3.872,3.853,3.874,3.873,5.2,5.2,5.2,19.0,51.0,19.0,51.0,1.0,1.0,13.6,2054.0,2052.0,0.0,4.422,3.773
Sat Aug 19 15:52:57 KST 2023,0,1.0,0.0,0.0,0.0,0.0,0.0,1.0,0.0,0.0,72.0,44.0,216.0,0.0,271.0,271.0,71.5,19.7,0.364,28.0,100.0,271.04,3.0,0.0,1.0,0.0,0.0,0.0,0.0,0.0,0.0,0.0,0.0,0.0,0.0,0.0,0.0,20.0,8.0,271.0,33.0,32.0,32.0,0.0,0.0,104.0,131.0,3.852,3.874,3.872,3.853,3.874,3.873,5.2,5.2,5.2,19.0,51.0,19.0,51.0,1.0,1.0,13.6,2054.0,2052.0,0.0,4.422,3.773
Sat Aug 19 15:52:58 KST 2023,0,1.0,0.0,0.0,0.0,0.0,0.0,1.0,0.0,0.0,72.0,44.0,216.0,0.0,271.0,271.0,71.5,19.7,0.364,28.0,100.0,271.05,3.0,0.0,1.0,0.0,0.0,0.0,0.0,0.0,0.0,0.0,0.0,0.0,0.0,0.0,0.0,20.0,8.0,271.0,33.0,32.0,32.0,0.0,0.0,104.0,131.0,3.852,3.874,3.872,3.853,3.874,3.873,5.2,5.2,5.2,19.0,51.0,19.0,51.0,1.0,1.0,13.6,2054.0,2052.0,0.0,4.422,3.773
Sat Aug 19 15:52:59 KST 2023,0,1.0,0.0,0.0,0.0,0.0,0.0,1.0,0.0,0.0,72.0,44.0,216.0,0.0,271.0,271.0,71.5,19.7,0.364,28.0,100.0,271.05,3.0,0.0,1.0,0.0,0.0,0.0,0.0,0.0,0.0,0.0,0.0,0.0,0.0,0.0,0.0,20.0,8.0,271.0,33.0,32.0,32.0,0.0,0.0,104.0,131.0,3.852,3.874,3.872,3.853,3.874,3.873,5.2,5.2,5.2,19.0,51.0,19.0,51.0,1.0,1.0,13.6,2054.0,2052.0,0.0,4.573,3.73
Sat Aug 19 15:53:00 KST 2023,0,1.0,0.0,0.0,0.0,0.0,0.0,1.0,0.0,0.0,72.0,44.0,216.0,0.0,271.0,271.0,71.5,19.7,0.364,28.0,100.0,271.05,3.0,0.0,1.0,0.0,0.0,0.0,0.0,0.0,0.0,0.0,0.0,0.0,0.0,0.0,0.0,20.0,8.0,271.0,33.0,32.0,32.0,0.0,0.0,104.0,131.0,3.852,3.874,3.872,3.853,3.874,3.873,5.2,5.2,5.2,19.0,51.0,19.0,51.0,1.0,1.0,13.6,2054.0,2052.0,0.0,4.592,3.704
Sat Aug 19 15:53:01 KST 2023,0,1.0,0.0,0.0,0.0,0.0,0.0,1.0,0.0,0.0,72.0,44.0,216.0,0.0,271.0,271.0,71.5,19.7,0.364,28.0,100.0,271.05,3.0,0.0,1.0,0.0,0.0,0.0,0.0,0.0,0.0,0.0,0.0,0.0,0.0,0.0,0.0,20.0,8.0,271.0,33.0,32.0,32.0,0.0,0.0,104.0,131.0,3.852,3.874,3.872,3.853,3.874,3.873,5.2,5.2,5.2,19.0,51.0,19.0,51.0,1.0,1.0,13.6,2053.0,2052.0,0.0,4.597,3.678
Sat Aug 19 15:53:02 KST 2023,0,1.0,0.0,0.0,0.0,0.0,0.0,1.0,0.0,0.0,72.0,44.0,216.0,0.0,271.0,271.0,71.5,19.7,0.364,28.0,100.0,271.05,3.0,0.0,1.0,0.0,0.0,0.0,0.0,0.0,0.0,0.0,0.0,0.0,0.0,0.0,0.0,20.0,8.0,271.0,33.0,32.0,32.0,0.0,0.0,104.0,131.0,3.852,3.874,3.872,3.853,3.875,3.873,5.2,5.2,5.2,19.0,51.0,19.0,51.0,1.0,1.0,13.6,2054.0,2052.0,0.0,4.597,3.678
Sat Aug 19 15:53:03 KST 2023,0,1.0,0.0,0.0,0.0,0.0,0.0,1.0,0.0,0.0,72.0,44.0,216.0,0.0,271.0,271.0,71.5,19.7,0.364,28.0,100.0,271.05,3.0,0.0,1.0,0.0,0.0,0.0,0.0,0.0,0.0,0.0,0.0,0.0,0.0,0.0,0.0,20.0,8.0,271.0,33.0,32.0,32.0,0.0,0.0,104.0,131.0,3.852,3.874,3.872,3.853,3.875,3.873,5.2,5.2,5.2,19.0,51.0,19.0,51.0,1.0,1.0,13.6,2054.0,2052.0,0.0,4.597,3.678
Sat Aug 19 15:53:04 KST 2023,0,1.0,0.0,0.0,0.0,0.0,0.0,1.0,0.0,0.0,72.0,44.0,216.0,0.0,271.0,271.0,71.5,19.7,0.364,28.0,100.0,271.05,3.0,0.0,1.0,0.0,0.0,0.0,0.0,0.0,0.0,0.0,0.0,0.0,0.0,0.0,0.0,20.0,8.0,271.0,33.0,32.0,32.0,0.0,0.0,104.0,131.0,3.853,3.874,3.872,3.853,3.875,3.873,5.2,5.2,5.2,19.0,51.0,19.0,51.0,1.0,1.0,13.6,2054.0,2052.0,0.0,4.597,3.678
Sat Aug 19 15:53:05 KST 2023,0,1.0,0.0,0.0,0.0,0.0,0.0,1.0,0.0,0.0,72.0,44.0,216.0,0.0,271.0,271.0,71.5,19.7,0.364,28.0,100.0,271.05,3.0,0.0,1.0,0.0,0.0,0.0,0.0,0.0,0.0,0.0,0.0,0.0,0.0,0.0,0.0,20.0,8.0,271.0,33.0,32.0,32.0,0.0,0.0,104.0,131.0,3.853,3.874,3.872,3.853,3.875,3.873,5.2,5.2,5.2,19.0,51.0,19.0,51.0,1.0,1.0,13.6,2053.0,2052.0,0.0,4.597,3.678
Sat Aug 19 15:53:06 KST 2023,0,1.0,0.0,0.0,0.0,0.0,0.0,1.0,0.0,0.0,72.0,44.0,216.0,0.0,271.0,271.0,71.5,19.7,0.364,28.0,100.0,271.05,3.0,0.0,1.0,0.0,0.0,0.0,0.0,0.0,0.0,0.0,0.0,0.0,0.0,0.0,0.0,20.0,8.0,271.0,33.0,32.0,32.0,0.0,0.0,104.0,131.0,3.852,3.874,3.872,3.853,3.875,3.873,5.2,5.2,5.2,26.0,51.0,19.0,51.0,1.0,1.0,13.6,2054.0,2052.0,0.0,4.651,3.679
Sat Aug 19 15:53:07 KST 2023,0,1.0,0.0,0.0,0.0,0.0,0.0,1.0,0.0,0.0,72.0,44.0,216.0,0.0,271.0,271.0,71.5,19.7,0.364,28.0,100.0,271.06,3.0,0.0,1.0,0.0,0.0,0.0,0.0,0.0,0.0,0.0,0.0,0.0,0.0,0.0,0.0,20.0,8.0,271.0,33.0,32.0,32.0,0.0,0.0,104.0,131.0,3.852,3.874,3.872,3.853,3.875,3.873,5.2,5.2,5.2,26.0,51.0,19.0,51.0,1.0,1.0,13.6,2054.0,2052.0,0.0,4.656,3.679
Sat Aug 19 15:53:08 KST 2023,0,1.0,0.0,0.0,0.0,0.0,0.0,1.0,0.0,0.0,72.0,44.0,216.0,0.0,271.0,271.1,71.5,19.7,0.364,28.0,100.0,271.06,3.0,0.0,1.0,0.0,0.0,0.0,0.0,0.0,0.0,0.0,0.0,0.0,0.0,0.0,0.0,20.0,8.0,271.0,33.0,32.0,32.0,0.0,0.0,104.0,131.0,3.853,3.874,3.872,3.853,3.875,3.873,5.2,5.2,5.2,19.0,51.0,19.0,51.0,1.0,1.0,13.6,2054.0,2052.0,0.0,4.621,3.679
Sat Aug 19 15:53:09 KST 2023,0,1.0,0.0,0.0,0.0,0.0,0.0,1.0,0.0,0.0,72.0,44.0,216.0,0.0,271.0,271.1,71.5,19.7,0.364,28.0,100.0,271.06,3.0,0.0,1.0,0.0,0.0,0.0,0.0,0.0,0.0,0.0,0.0,0.0,0.0,0.0,0.0,20.0,8.0,271.0,33.0,32.0,32.0,0.0,0.0,104.0,131.0,3.853,3.874,3.872,3.853,3.875,3.873,5.2,5.2,5.2,19.0,51.0,19.0,51.0,1.0,1.0,13.6,2054.0,2052.0,0.0,4.621,3.679
Sat Aug 19 15:53:10 KST 2023,0,1.0,0.0,0.0,0.0,0.0,0.0,1.0,0.0,0.0,72.0,44.0,216.0,0.0,271.0,271.1,71.5,19.7,0.364,28.0,100.0,271.06,3.0,0.0,1.0,0.0,0.0,0.0,0.0,0.0,0.0,0.0,0.0,0.0,0.0,0.0,0.0,20.0,8.0,271.0,33.0,32.0,32.0,0.0,0.0,104.0,131.0,3.852,3.874,3.872,3.853,3.875,3.873,5.2,5.2,5.2,19.0,51.0,19.0,51.0,1.0,1.0,13.6,2054.0,2052.0,0.0,4.621,3.679
Sat Aug 19 15:53:11 KST 2023,0,1.0,0.0,0.0,0.0,0.0,0.0,1.0,0.0,0.0,72.0,44.0,216.0,0.0,271.0,271.0,71.5,19.7,0.364,28.0,100.0,271.06,3.0,0.0,1.0,0.0,0.0,0.0,0.0,0.0,0.0,0.0,0.0,0.0,0.0,0.0,0.0,20.0,8.0,271.0,33.0,32.0,32.0,0.0,0.0,104.0,131.0,3.853,3.874,3.872,3.853,3.875,3.873,5.2,5.2,5.2,19.0,51.0,19.0,51.0,1.0,1.0,13.6,2054.0,2052.0,0.0,4.632,3.679
Sat Aug 19 15:53:12 KST 2023,0,1.0,0.0,0.0,0.0,0.0,0.0,1.0,0.0,0.0,72.0,44.0,216.0,0.0,271.0,271.1,71.5,19.7,0.364,28.0,100.0,271.06,3.0,0.0,1.0,0.0,0.0,0.0,0.0,0.0,0.0,0.0,0.0,0.0,0.0,0.0,0.0,20.0,8.0,271.0,33.0,32.0,32.0,0.0,0.0,104.0,131.0,3.853,3.874,3.872,3.853,3.875,3.873,5.2,5.2,5.2,19.0,51.0,19.0,51.0,1.0,1.0,13.6,2054.0,2052.0,0.0,4.291,3.678
Sat Aug 19 15:53:13 KST 2023,0,1.0,0.0,0.0,0.0,0.0,0.0,1.0,0.0,0.0,72.0,44.0,216.0,0.0,271.0,271.1,71.5,19.7,0.364,28.0,100.0,271.06,3.0,0.0,1.0,0.0,0.0,0.0,0.0,0.0,0.0,0.0,0.0,0.0,0.0,0.0,0.0,20.0,8.0,271.0,33.0,32.0,32.0,0.0,0.0,104.0,131.0,3.853,3.874,3.872,3.853,3.875,3.873,5.2,5.2,5.2,19.0,51.0,19.0,51.0,1.0,1.0,13.6,2054.0,2052.0,0.0,4.479,3.676
Sat Aug 19 15:53:13 KST 2023,0,1.0,0.0,0.0,0.0,0.0,0.0,1.0,0.0,0.0,72.0,44.0,216.0,0.0,271.0,271.0,71.5,19.7,0.364,28.0,100.0,271.06,3.0,0.0,1.0,0.0,0.0,0.0,0.0,0.0,0.0,0.0,0.0,0.0,0.0,0.0,0.0,20.0,8.0,271.0,33.0,32.0,32.0,0.0,0.0,104.0,131.0,3.853,3.874,3.872,3.853,3.875,3.873,5.2,5.2,5.2,19.0,51.0,19.0,51.0,1.0,1.0,13.6,2053.0,2052.0,0.0,4.521,3.676
Sat Aug 19 15:53:14 KST 2023,0,1.0,0.0,0.0,0.0,0.0,0.0,1.0,0.0,0.0,72.0,44.0,216.0,0.0,271.0,271.1,71.5,19.7,0.364,28.0,100.0,271.06,3.0,0.0,1.0,0.0,0.0,0.0,0.0,0.0,0.0,0.0,0.0,0.0,0.0,0.0,0.0,20.0,8.0,271.0,33.0,32.0,32.0,0.0,0.0,104.0,131.0,3.853,3.874,3.872,3.853,3.875,3.873,5.2,5.2,5.2,26.0,51.0,19.0,51.0,1.0,1.0,13.5,2054.0,2052.0,0.0,4.584,3.676
Sat Aug 19 15:53:15 KST 2023,0,1.0,0.0,0.0,0.0,0.0,0.0,1.0,0.0,0.0,72.0,44.0,216.0,0.0,271.0,271.0,71.5,19.7,0.364,28.0,100.0,271.06,3.0,0.0,1.0,0.0,0.0,0.0,0.0,0.0,0.0,0.0,0.0,0.0,0.0,0.0,0.0,20.0,8.0,271.0,33.0,32.0,32.0,0.0,0.0,104.0,131.0,3.853,3.874,3.872,3.853,3.875,3.873,5.2,5.2,5.2,19.0,51.0,19.0,51.0,1.0,1.0,13.6,2054.0,2052.0,0.0,4.602,3.676
Sat Aug 19 15:53:16 KST 2023,0,1.0,0.0,0.0,0.0,0.0,0.0,1.0,0.0,0.0,72.0,44.0,216.0,0.0,271.0,271.1,71.5,19.7,0.364,28.0,100.0,271.06,3.0,0.0,1.0,0.0,0.0,0.0,0.0,0.0,0.0,0.0,0.0,0.0,0.0,0.0,0.0,20.0,8.0,271.0,33.0,32.0,32.0,0.0,0.0,104.0,131.0,3.853,3.874,3.872,3.853,3.875,3.873,5.2,5.2,5.2,19.0,51.0,19.0,51.0,1.0,1.0,13.6,2054.0,2052.0,0.0,4.608,3.676
Sat Aug 19 15:53:17 KST 2023,0,1.0,0.0,0.0,0.0,0.0,0.0,1.0,0.0,0.0,72.0,44.0,216.0,0.0,271.0,271.1,71.5,19.7,0.364,28.0,100.0,271.07,3.0,0.0,1.0,0.0,0.0,0.0,0.0,0.0,0.0,0.0,0.0,0.0,0.0,0.0,0.0,20.0,8.0,271.0,33.0,32.0,32.0,0.0,0.0,104.0,131.0,3.853,3.874,3.872,3.853,3.875,3.873,5.2,5.2,5.2,19.0,51.0,19.0,51.0,1.0,1.0,13.6,2054.0,2052.0,0.0,4.608,3.676
Sat Aug 19 15:53:18 KST 2023,0,1.0,0.0,0.0,0.0,0.0,0.0,1.0,0.0,0.0,72.0,44.0,216.0,0.0,271.0,271.1,71.5,19.7,0.364,28.0,100.0,271.06,3.0,0.0,1.0,0.0,0.0,0.0,0.0,0.0,0.0,0.0,0.0,0.0,0.0,0.0,0.0,20.0,8.0,271.0,33.0,32.0,32.0,0.0,0.0,104.0,131.0,3.853,3.874,3.872,3.853,3.875,3.873,5.2,5.2,5.2,19.0,51.0,19.0,51.0,1.0,1.0,13.6,2054.0,2052.0,0.0,4.608,3.676
Sat Aug 19 15:53:19 KST 2023,0,1.0,0.0,0.0,0.0,0.0,0.0,1.0,0.0,0.0,72.0,44.0,216.0,0.0,271.0,271.1,71.5,19.7,0.364,28.0,100.0,271.06,3.0,0.0,1.0,0.0,0.0,0.0,0.0,0.0,0.0,0.0,0.0,0.0,0.0,0.0,0.0,20.0,8.0,271.0,33.0,32.0,32.0,0.0,0.0,104.0,131.0,3.853,3.874,3.872,3.853,3.875,3.873,5.2,5.2,5.2,19.0,51.0,19.0,51.0,1.0,1.0,13.6,2054.0,2052.0,0.0,4.608,3.676
Sat Aug 19 15:53:20 KST 2023,0,1.0,0.0,0.0,0.0,0.0,0.0,1.0,0.0,0.0,72.0,44.0,216.0,0.0,271.0,271.1,71.5,19.7,0.364,28.0,100.0,271.07,3.0,0.0,1.0,0.0,0.0,0.0,0.0,0.0,0.0,0.0,0.0,0.0,0.0,0.0,0.0,20.0,8.0,271.0,33.0,32.0,32.0,0.0,0.0,104.0,131.0,3.853,3.874,3.872,3.853,3.875,3.873,5.2,5.2,5.2,19.0,51.0,19.0,51.0,1.0,1.0,13.6,2054.0,2052.0,0.0,4.608,3.676
Sat Aug 19 15:53:21 KST 2023,0,1.0,0.0,0.0,0.0,0.0,0.0,1.0,0.0,0.0,72.0,44.0,216.0,0.0,271.0,271.1,71.5,19.7,0.364,28.0,100.0,271.06,3.0,0.0,1.0,0.0,0.0,0.0,0.0,0.0,0.0,0.0,0.0,0.0,0.0,0.0,0.0,20.0,8.0,271.0,33.0,32.0,32.0,0.0,0.0,104.0,131.0,3.853,3.874,3.872,3.853,3.875,3.873,5.2,5.2,5.2,19.0,51.0,19.0,51.0,1.0,1.0,13.6,2054.0,2052.0,0.0,4.653,3.676
Sat Aug 19 15:53:22 KST 2023,0,1.0,0.0,0.0,0.0,0.0,0.0,1.0,0.0,0.0,72.0,44.0,216.0,0.0,271.0,271.1,71.5,19.7,0.364,28.0,100.0,271.07,3.0,0.0,1.0,0.0,0.0,0.0,0.0,0.0,0.0,0.0,0.0,0.0,0.0,0.0,0.0,20.0,8.0,271.0,33.0,32.0,32.0,0.0,0.0,104.0,131.0,3.853,3.874,3.872,3.853,3.875,3.873,5.2,5.2,5.2,19.0,51.0,19.0,51.0,1.0,1.0,13.6,2054.0,2052.0,0.0,4.653,3.676
Sat Aug 19 15:53:23 KST 2023,0,1.0,0.0,0.0,0.0,0.0,0.0,1.0,0.0,0.0,72.0,44.0,216.0,0.0,271.0,271.1,71.5,19.7,0.364,28.0,100.0,271.07,3.0,0.0,1.0,0.0,0.0,0.0,0.0,0.0,0.0,0.0,0.0,0.0,0.0,0.0,0.0,20.0,8.0,271.0,33.0,32.0,32.0,0.0,0.0,104.0,131.0,3.853,3.874,3.872,3.853,3.875,3.873,5.2,5.2,5.2,19.0,51.0,19.0,51.0,1.0,1.0,13.6,2054.0,2052.0,0.0,4.646,3.677
Sat Aug 19 15:53:24 KST 2023,0,1.0,0.0,0.0,0.0,0.0,0.0,1.0,0.0,0.0,72.0,44.0,216.0,0.0,271.0,271.1,71.5,19.7,0.364,28.0,100.0,271.07,3.0,0.0,1.0,0.0,0.0,0.0,0.0,0.0,0.0,0.0,0.0,0.0,0.0,0.0,0.0,20.0,8.0,271.0,33.0,32.0,32.0,0.0,0.0,104.0,131.0,3.853,3.874,3.872,3.853,3.875,3.873,5.2,5.2,5.2,19.0,51.0,19.0,51.0,1.0,1.0,13.6,2054.0,2052.0,0.0,4.619,3.677
Sat Aug 19 15:53:25 KST 2023,0,1.0,0.0,0.0,0.0,0.0,0.0,1.0,0.0,0.0,72.0,44.0,216.0,0.0,271.0,271.1,71.5,19.7,0.364,28.0,100.0,271.07,3.0,0.0,1.0,0.0,0.0,0.0,0.0,0.0,0.0,0.0,0.0,0.0,0.0,0.0,0.0,20.0,8.0,271.0,33.0,32.0,32.0,0.0,0.0,104.0,131.0,3.853,3.874,3.872,3.853,3.875,3.873,5.2,5.2,5.2,19.0,51.0,19.0,51.0,1.0,1.0,13.6,2054.0,2052.0,0.0,4.624,3.677
Sat Aug 19 15:53:26 KST 2023,0,1.0,0.0,0.0,0.0,0.0,0.0,1.0,0.0,0.0,72.0,44.0,216.0,0.0,271.0,271.1,71.5,19.7,0.364,28.0,100.0,271.07,3.0,0.0,1.0,0.0,0.0,0.0,0.0,0.0,0.0,0.0,0.0,0.0,0.0,0.0,0.0,20.0,8.0,271.0,33.0,32.0,32.0,0.0,0.0,104.0,131.0,3.853,3.874,3.872,3.853,3.875,3.873,5.2,5.2,5.2,19.0,51.0,19.0,51.0,1.0,1.0,13.6,2054.0,2052.0,0.0,4.624,3.677
Sat Aug 19 15:53:27 KST 2023,0,1.0,0.0,0.0,0.0,0.0,0.0,1.0,0.0,0.0,72.0,44.0,216.0,0.0,271.0,271.1,71.5,19.7,0.364,28.0,100.0,271.07,3.0,0.0,1.0,0.0,0.0,0.0,0.0,0.0,0.0,0.0,0.0,0.0,0.0,0.0,0.0,20.0,8.0,271.0,33.0,32.0,32.0,0.0,0.0,104.0,131.0,3.853,3.874,3.872,3.853,3.875,3.873,5.2,5.2,5.2,26.0,51.0,19.0,51.0,1.0,1.0,13.6,2054.0,2052.0,0.0,4.32,3.675
Sat Aug 19 15:53:28 KST 2023,0,1.0,0.0,0.0,0.0,0.0,0.0,1.0,0.0,0.0,72.0,44.0,216.0,0.1,270.9,271.1,71.5,19.7,0.364,28.0,100.0,271.07,3.0,0.0,1.0,0.0,0.0,0.0,0.0,0.0,0.0,0.0,0.0,0.0,0.0,0.0,0.0,20.0,8.0,271.0,33.0,32.0,32.0,0.0,0.0,104.0,131.0,3.852,3.873,3.872,3.853,3.875,3.873,5.2,5.2,5.2,26.0,51.0,19.0,51.0,1.0,1.0,13.5,2054.0,2052.0,0.0,4.487,3.673
Sat Aug 19 15:53:29 KST 2023,0,1.0,0.0,0.0,0.0,0.0,0.0,1.0,0.0,0.0,72.0,44.0,217.0,0.4,271.0,271.2,71.5,19.7,0.364,28.0,100.0,271.01,3.0,0.0,1.0,0.0,0.0,0.0,0.0,0.0,0.0,0.0,0.0,0.0,0.0,0.0,0.0,20.0,8.0,271.0,33.0,32.0,32.0,0.0,0.0,104.0,131.0,3.852,3.874,3.872,3.853,3.875,3.873,5.2,5.2,5.2,19.0,51.0,30.0,51.0,1.0,1.0,13.6,2063.0,2053.0,0.0,4.535,3.673
Sat Aug 19 15:53:30 KST 2023,0,1.0,0.0,0.0,0.0,0.0,0.0,1.0,0.0,0.0,72.0,44.0,216.0,0.3,270.9,271.1,71.5,19.7,0.364,28.0,100.0,271.06,3.0,0.0,1.0,0.0,0.0,0.0,0.0,0.0,0.0,0.0,0.0,0.0,0.0,0.0,0.0,20.0,8.0,270.9,33.0,32.0,32.0,0.0,0.0,104.0,131.0,3.852,3.874,3.872,3.853,3.875,3.873,5.2,5.2,5.2,19.0,51.0,19.0,51.0,1.0,1.0,13.6,2054.0,2052.0,0.0,4.592,3.673
Sat Aug 19 15:53:31 KST 2023,0,1.0,0.0,0.0,0.0,0.0,0.0,1.0,0.0,0.0,72.0,44.0,217.0,1.8,270.7,271.5,71.5,19.7,0.364,28.0,100.0,270.76,3.0,0.0,1.0,0.0,0.0,0.0,0.0,0.0,0.0,0.0,0.0,0.0,0.0,0.0,0.0,20.0,8.0,270.7,33.0,32.0,32.0,0.0,0.0,104.0,131.0,3.852,3.874,3.872,3.853,3.877,3.875,5.2,5.2,5.2,26.0,51.0,19.0,51.0,1.0,1.0,13.6,2085.0,2058.0,0.0,4.584,3.673
Sat Aug 19 15:53:32 KST 2023,0,1.0,0.0,0.0,0.0,0.0,0.0,1.0,0.0,0.0,72.0,44.0,218.0,2.5,270.6,271.6,71.5,19.7,0.364,28.0,100.0,270.73,3.0,0.0,1.0,0.0,0.0,0.0,0.0,0.0,0.0,0.0,0.0,0.0,0.0,0.0,0.0,20.0,8.0,270.6,33.0,32.0,32.0,0.0,0.0,104.0,131.0,3.847,3.869,3.868,3.86,3.883,3.88,5.2,5.2,5.2,30.0,51.0,26.0,51.0,1.0,1.0,13.5,2110.0,2061.0,0.0,4.632,3.673
Sat Aug 19 15:53:33 KST 2023,0,1.0,0.0,0.0,0.0,0.0,0.0,1.0,0.0,0.0,72.0,44.0,217.0,2.7,270.6,271.6,71.5,19.7,0.364,28.0,100.0,270.59,3.0,0.0,1.0,0.0,0.0,0.0,0.0,0.0,0.0,0.0,0.0,0.0,0.0,0.0,0.0,20.0,8.0,270.6,33.0,32.0,32.0,0.0,0.0,104.0,131.0,3.846,3.869,3.866,3.86,3.883,3.881,5.2,5.2,5.2,22.0,51.0,19.0,51.0,1.0,1.0,13.5,2111.0,2061.0,0.0,4.632,3.673
Sat Aug 19 15:53:34 KST 2023,0,1.0,0.0,0.0,0.0,0.0,0.0,1.0,0.0,0.0,72.0,44.0,218.0,3.0,270.5,271.7,71.5,19.7,0.364,28.0,100.0,270.57,3.0,0.0,1.0,0.0,0.0,0.0,0.0,0.0,0.0,0.0,0.0,0.0,0.0,0.0,0.0,20.0,8.0,270.5,33.0,32.0,32.0,0.0,0.0,104.0,131.0,3.845,3.869,3.866,3.86,3.883,3.881,5.2,5.2,5.2,19.0,51.0,19.0,51.0,1.0,1.0,13.6,2117.0,2062.0,0.0,4.632,3.673
Sat Aug 19 15:53:35 KST 2023,0,1.0,0.0,0.0,0.0,0.0,0.0,1.0,0.0,0.0,72.0,44.0,217.0,2.4,270.5,271.5,71.5,19.7,0.364,28.0,100.0,270.64,3.0,0.0,1.0,0.0,0.0,0.0,0.0,0.0,0.0,0.0,0.0,0.0,0.0,0.0,0.0,20.0,8.0,270.6,33.0,32.0,32.0,0.0,0.0,104.0,131.0,3.844,3.867,3.865,3.861,3.883,3.881,5.2,5.2,5.2,19.0,51.0,19.0,51.0,1.0,1.0,13.6,2103.0,2059.0,0.0,4.632,3.673
Sat Aug 19 15:53:36 KST 2023,0,1.0,0.0,0.0,0.0,0.0,0.0,1.0,0.0,0.0,72.0,44.0,217.0,1.6,270.6,271.3,71.5,19.7,0.364,28.0,100.0,270.74,3.0,0.0,1.0,0.0,0.0,0.0,0.0,0.0,0.0,0.0,0.0,0.0,0.0,0.0,0.0,20.0,8.0,270.7,33.0,32.0,32.0,0.0,0.0,104.0,131.0,3.846,3.87,3.868,3.858,3.881,3.879,5.2,5.2,5.2,47.0,51.0,19.0,51.0,1.0,1.0,13.6,2088.0,2057.0,0.0,4.632,3.673
Sat Aug 19 15:53:37 KST 2023,0,1.0,0.0,0.0,0.0,0.0,0.0,1.0,0.0,0.0,72.0,44.0,217.0,1.5,270.7,271.3,71.5,19.7,0.364,28.0,100.0,270.74,3.0,0.0,1.0,0.0,0.0,0.0,0.0,0.0,0.0,0.0,0.0,0.0,0.0,0.0,0.0,20.0,8.0,270.7,33.0,32.0,32.0,0.0,0.0,104.0,131.0,3.848,3.87,3.868,3.856,3.878,3.877,5.2,5.2,5.2,30.0,51.0,19.0,51.0,1.0,1.0,13.6,2087.0,2057.0,0.0,4.677,3.673
Sat Aug 19 15:53:38 KST 2023,0,1.0,0.0,0.0,0.0,0.0,0.0,1.0,0.0,0.0,72.0,44.0,216.0,0.3,270.8,271.0,71.5,19.7,0.364,28.0,100.0,270.95,3.0,0.0,1.0,0.0,0.0,0.0,0.0,0.0,0.0,0.0,0.0,0.0,0.0,0.0,0.0,20.0,8.0,270.9,33.0,32.0,32.0,0.0,0.0,104.0,131.0,3.849,3.872,3.87,3.855,3.877,3.875,5.2,5.2,5.2,19.0,51.0,26.0,51.0,1.0,1.0,13.6,2054.0,2052.0,0.0,4.632,3.675
Sat Aug 19 15:53:39 KST 2023,0,1.0,0.0,0.0,0.0,0.0,0.0,1.0,0.0,0.0,72.0,44.0,216.0,0.2,270.9,271.0,71.5,19.7,0.364,28.0,100.0,270.93,3.0,0.0,1.0,0.0,0.0,0.0,0.0,0.0,0.0,0.0,0.0,0.0,0.0,0.0,0.0,20.0,8.0,270.9,33.0,32.0,32.0,0.0,0.0,104.0,131.0,3.851,3.873,3.871,3.852,3.874,3.872,5.2,5.2,5.2,19.0,51.0,19.0,51.0,1.0,1.0,13.6,2062.0,2052.0,0.0,4.635,3.676
Sat Aug 19 15:53:40 KST 2023,0,1.0,0.0,0.0,0.0,0.0,0.0,1.0,0.0,0.0,72.0,44.0,217.0,1.0,270.8,271.2,71.5,19.7,0.364,28.0,100.0,270.83,3.0,0.0,1.0,0.0,0.0,0.0,0.0,0.0,0.0,0.0,0.0,0.0,0.0,0.0,0.0,20.0,8.0,270.9,33.0,32.0,32.0,0.0,0.0,104.0,131.0,3.85,3.872,3.87,3.853,3.875,3.873,5.2,5.2,5.2,19.0,51.0,19.0,51.0,1.0,1.0,13.6,2075.0,2056.0,0.0,4.626,3.679
Sat Aug 19 15:53:41 KST 2023,0,1.0,0.0,0.0,0.0,0.0,0.0,1.0,0.0,0.0,72.0,44.0,217.0,1.3,270.7,271.2,71.5,19.7,0.364,28.0,100.0,270.78,3.0,0.0,1.0,0.0,0.0,0.0,0.0,0.0,0.0,0.0,0.0,0.0,0.0,0.0,0.0,20.0,8.0,270.9,33.0,32.0,32.0,0.0,0.0,104.0,131.0,3.849,3.87,3.869,3.856,3.878,3.876,5.2,5.2,5.2,27.0,51.0,26.0,51.0,1.0,1.0,13.5,2084.0,2056.0,0.0,4.626,3.679
Sat Aug 19 15:53:42 KST 2023,0,1.0,0.0,0.0,0.0,0.0,0.0,1.0,0.0,0.0,72.0,44.0,217.0,1.4,270.7,271.3,71.5,19.7,0.364,28.0,100.0,270.8,3.0,0.0,1.0,0.0,0.0,0.0,0.0,0.0,0.0,0.0,0.0,0.0,0.0,0.0,0.0,20.0,8.0,270.9,33.0,32.0,32.0,0.0,0.0,104.0,131.0,3.849,3.871,3.869,3.855,3.877,3.875,5.2,5.2,5.2,19.0,51.0,19.0,51.0,1.0,1.0,13.6,2085.0,2056.0,0.0,4.626,3.679
Sat Aug 19 15:53:43 KST 2023,0,1.0,0.0,0.0,0.0,0.0,0.0,1.0,0.0,0.0,72.0,44.0,217.0,1.4,270.7,271.3,71.5,19.7,0.364,28.0,100.0,270.76,3.0,0.0,1.0,0.0,0.0,0.0,0.0,0.0,0.0,0.0,0.0,0.0,0.0,0.0,0.0,20.0,8.0,270.9,33.0,32.0,32.0,0.0,0.0,104.0,131.0,3.848,3.871,3.868,3.856,3.878,3.876,5.2,5.2,5.2,19.0,51.0,19.0,51.0,1.0,1.0,13.6,2086.0,2056.0,0.0,4.39,3.676
Sat Aug 19 15:53:44 KST 2023,0,1.0,0.0,0.0,0.0,0.0,0.0,1.0,0.0,0.0,72.0,44.0,217.0,1.5,270.7,271.3,71.5,19.7,0.364,28.0,100.0,270.76,3.0,0.0,1.0,0.0,0.0,0.0,0.0,0.0,0.0,0.0,0.0,0.0,0.0,0.0,0.0,20.0,8.0,270.9,33.0,32.0,32.0,0.0,0.0,104.0,131.0,3.848,3.87,3.868,3.856,3.878,3.876,5.2,5.2,5.2,26.0,51.0,19.0,51.0,1.0,1.0,13.5,2085.0,2057.0,0.0,4.492,3.676
Sat Aug 19 15:53:45 KST 2023,0,1.0,0.0,0.0,0.0,0.0,0.0,1.0,0.0,0.0,72.0,44.0,217.0,1.5,270.7,271.3,71.5,19.7,0.364,28.0,100.0,270.73,3.0,0.0,1.0,0.0,0.0,0.0,0.0,0.0,0.0,0.0,0.0,0.0,0.0,0.0,0.0,20.0,8.0,270.9,33.0,32.0,32.0,0.0,0.0,104.0,131.0,3.847,3.87,3.868,3.856,3.878,3.876,5.2,5.2,5.2,19.0,51.0,19.0,51.0,1.0,1.0,13.6,2087.0,2057.0,0.0,4.546,3.676
Sat Aug 19 15:53:46 KST 2023,0,1.0,0.0,0.0,0.0,0.0,0.0,1.0,0.0,0.0,72.0,44.0,217.0,1.6,270.7,271.3,71.5,19.7,0.364,28.0,100.0,270.73,3.0,0.0,1.0,0.0,0.0,0.0,0.0,0.0,0.0,0.0,0.0,0.0,0.0,0.0,0.0,20.0,8.0,270.9,33.0,32.0,32.0,0.0,0.0,104.0,131.0,3.847,3.87,3.867,3.856,3.878,3.877,5.2,5.2,5.2,26.0,51.0,19.0,51.0,1.0,1.0,13.6,2087.0,2057.0,0.0,4.592,3.676
Sat Aug 19 15:53:47 KST 2023,0,1.0,0.0,0.0,0.0,0.0,0.0,1.0,0.0,0.0,72.0,44.0,217.0,1.6,270.7,271.3,71.5,19.7,0.364,28.0,100.0,270.72,3.0,0.0,1.0,0.0,0.0,0.0,0.0,0.0,0.0,0.0,0.0,0.0,0.0,0.0,0.0,20.0,8.0,270.7,33.0,32.0,32.0,0.0,0.0,104.0,131.0,3.847,3.869,3.867,3.855,3.878,3.876,5.2,5.2,5.2,19.0,51.0,19.0,51.0,1.0,1.0,13.5,2086.0,2057.0,0.0,4.597,3.676
Sat Aug 19 15:53:48 KST 2023,0,1.0,0.0,0.0,0.0,0.0,0.0,1.0,0.0,0.0,72.0,44.0,217.0,1.6,270.6,271.3,71.5,19.7,0.364,28.0,100.0,270.71,3.0,0.0,1.0,0.0,0.0,0.0,0.0,0.0,0.0,0.0,0.0,0.0,0.0,0.0,0.0,20.0,8.0,270.7,33.0,32.0,32.0,0.0,0.0,104.0,131.0,3.847,3.87,3.867,3.855,3.878,3.876,5.2,5.2,5.2,19.0,51.0,19.0,51.0,1.0,1.0,13.5,2091.0,2057.0,0.0,4.613,3.676
Sat Aug 19 15:53:49 KST 2023,0,1.0,0.0,0.0,0.0,0.0,0.0,1.0,0.0,0.0,72.0,44.0,217.0,1.6,270.6,271.3,71.5,19.7,0.364,28.0,100.0,270.72,3.0,0.0,1.0,0.0,0.0,0.0,0.0,0.0,0.0,0.0,0.0,0.0,0.0,0.0,0.0,20.0,8.0,270.7,33.0,32.0,32.0,0.0,0.0,104.0,131.0,3.847,3.869,3.867,3.855,3.878,3.876,5.2,5.2,5.2,19.0,51.0,47.0,51.0,1.0,1.0,13.5,2087.0,2057.0,0.0,4.613,3.676
Sat Aug 19 15:53:50 KST 2023,0,1.0,0.0,0.0,0.0,0.0,0.0,1.0,0.0,0.0,72.0,44.0,217.0,1.7,270.6,271.3,71.5,19.7,0.364,28.0,100.0,270.71,3.0,0.0,1.0,0.0,0.0,0.0,0.0,0.0,0.0,0.0,0.0,0.0,0.0,0.0,0.0,20.0,8.0,270.7,33.0,32.0,32.0,0.0,0.0,104.0,131.0,3.847,3.869,3.867,3.856,3.878,3.876,5.2,5.2,5.2,19.0,51.0,19.0,51.0,1.0,1.0,13.5,2089.0,2057.0,0.0,4.613,3.676
Sat Aug 19 15:53:51 KST 2023,0,1.0,0.0,0.0,0.0,0.0,0.0,1.0,0.0,0.0,72.0,44.0,217.0,1.7,270.6,271.3,71.5,19.7,0.364,28.0,100.0,270.67,3.0,0.0,1.0,0.0,0.0,0.0,0.0,0.0,0.0,0.0,0.0,0.0,0.0,0.0,0.0,20.0,8.0,270.7,33.0,32.0,32.0,0.0,0.0,104.0,131.0,3.846,3.869,3.867,3.856,3.878,3.876,5.2,5.2,5.2,19.0,51.0,26.0,51.0,1.0,1.0,13.6,2089.0,2057.0,0.0,4.613,3.676
Sat Aug 19 15:53:52 KST 2023,0,1.0,0.0,0.0,0.0,0.0,0.0,1.0,0.0,0.0,72.0,44.0,217.0,1.6,270.6,271.3,71.5,19.7,0.364,28.0,100.0,270.72,3.0,0.0,1.0,0.0,0.0,0.0,0.0,0.0,0.0,0.0,0.0,0.0,0.0,0.0,0.0,20.0,8.0,270.7,33.0,32.0,32.0,0.0,0.0,104.0,131.0,3.846,3.869,3.866,3.856,3.878,3.877,5.2,5.2,5.2,26.0,51.0,47.0,51.0,1.0,1.0,13.6,2090.0,2057.0,0.0,4.613,3.676
Sat Aug 19 15:53:53 KST 2023,0,1.0,0.0,0.0,0.0,0.0,0.0,1.0,0.0,0.0,72.0,44.0,217.0,2.9,270.5,271.3,71.5,19.7,0.364,28.0,100.0,270.13,3.0,0.0,1.0,0.0,0.0,0.0,0.0,0.0,0.0,0.0,0.0,0.0,0.0,0.0,0.0,20.0,8.0,270.7,33.0,32.0,32.0,0.0,0.0,104.0,131.0,3.848,3.87,3.868,3.854,3.876,3.875,5.2,5.2,5.2,47.0,51.0,47.0,51.0,1.0,1.0,13.6,2079.0,2055.0,0.0,4.677,3.678
Sat Aug 19 15:53:54 KST 2023,0,1.0,0.0,0.0,0.0,0.0,0.0,1.0,0.0,0.0,72.0,44.0,222.0,14.5,268.8,274.0,71.5,19.7,0.364,28.0,100.0,268.56,3.0,0.0,1.0,0.0,0.0,0.0,0.0,0.0,0.0,0.0,0.0,0.0,0.0,0.0,0.0,20.0,8.0,268.4,33.0,32.0,32.0,0.0,0.0,104.0,131.0,3.823,3.85,3.846,3.88,3.906,3.903,5.2,5.2,5.2,47.0,51.0,56.0,51.0,1.0,1.0,13.5,2347.0,2098.0,0.0,4.642,3.678
Sat Aug 19 15:53:55 KST 2023,0,1.0,0.0,0.0,0.0,0.0,0.0,1.0,0.0,0.0,72.0,34.0,231.0,35.8,265.7,278.5,71.5,19.7,0.364,28.0,100.0,265.59,3.0,0.0,1.0,0.0,0.0,0.0,0.0,0.0,0.0,1.0,0.0,0.0,0.0,0.0,0.0,20.0,8.0,265.0,33.0,32.0,32.0,0.0,0.0,104.0,131.0,3.769,3.817,3.81,3.895,3.924,3.92,5.2,5.2,5.2,13.0,57.0,56.0,51.0,1.0,1.0,13.6,2754.0,2158.0,0.0,4.642,3.678
Sat Aug 19 15:53:56 KST 2023,0,1.0,0.0,0.0,0.0,0.0,0.0,1.0,0.0,0.0,72.0,28.0,237.0,60.2,261.9,279.5,71.5,19.7,0.31,28.0,100.0,261.23,3.0,0.0,1.0,0.0,0.0,0.0,0.0,0.0,0.0,1.0,0.0,0.0,0.0,0.0,0.0,20.0,8.0,260.0,33.0,32.0,32.0,0.0,0.0,104.0,131.0,3.607,3.78,3.768,3.937,4.007,3.998,5.2,5.2,5.2,56.0,29.0,56.0,29.0,1.0,1.0,13.5,3294.0,2240.0,0.0,4.653,3.678
Sat Aug 19 15:53:57 KST 2023,0,1.0,0.0,0.0,0.0,0.0,0.0,1.0,0.0,0.0,72.0,26.0,258.0,54.6,261.8,282.8,71.5,19.7,0.31,28.0,100.0,261.8,3.0,0.0,1.0,0.0,0.0,0.0,0.0,0.0,0.0,1.0,0.0,0.0,0.0,0.0,0.0,20.0,8.0,266.7,33.0,32.0,32.0,0.0,0.0,104.0,131.0,3.784,3.78,3.768,3.937,4.007,3.998,4.38,4.82,4.42,42.0,15.0,17.0,43.0,57.0,42.0,13.5,3459.0,2290.0,0.0,4.653,3.678
Sat Aug 19 15:53:58 KST 2023,0,1.0,0.0,0.0,0.0,0.0,0.0,1.0,0.0,0.0,72.0,35.0,257.0,13.4,267.5,271.5,71.5,19.6,0.261,28.0,100.0,267.21,3.0,0.0,1.0,0.0,0.0,0.0,0.0,0.0,0.0,0.0,0.0,0.0,0.0,0.0,0.0,20.0,8.0,268.3,33.0,32.0,32.0,0.0,0.0,104.0,131.0,3.81,3.838,3.835,3.844,3.873,3.87,3.62,4.82,4.42,42.0,51.0,56.0,51.0,57.0,42.0,13.5,2419.0,2107.0,0.0,4.653,3.678
Sat Aug 19 15:53:59 KST 2023,0,1.0,0.0,0.0,0.0,0.0,0.0,1.0,0.0,0.0,72.0,44.0,259.0,5.1,268.8,270.2,71.5,19.6,0.261,28.0,100.0,268.96,3.0,0.0,1.0,0.0,0.0,0.0,0.0,0.0,0.0,0.0,0.0,0.0,0.0,0.0,0.0,20.0,8.0,269.0,33.0,32.0,32.0,0.0,0.0,104.0,131.0,3.818,3.846,3.843,3.836,3.862,3.86,3.62,4.35,3.73,30.0,51.0,19.0,51.0,57.0,42.0,13.5,2164.0,2070.0,0.0,4.353,3.676
Sat Aug 19 15:54:00 KST 2023,0,1.0,0.0,0.0,0.0,0.0,0.0,1.0,0.0,0.0,72.0,44.0,259.0,4.0,269.1,270.2,71.5,19.6,0.261,28.0,100.0,269.12,3.0,0.0,1.0,0.0,0.0,0.0,0.0,0.0,0.0,0.0,0.0,0.0,0.0,0.0,0.0,20.0,8.0,269.2,33.0,32.0,32.0,0.0,0.0,104.0,131.0,3.821,3.849,3.846,3.838,3.863,3.861,3.62,4.35,3.73,30.0,51.0,19.0,51.0,57.0,42.0,13.5,2147.0,2066.0,0.0,4.468,3.676
Sat Aug 19 15:54:01 KST 2023,0,1.0,0.0,0.0,0.0,0.0,0.0,1.0,0.0,0.0,72.0,44.0,259.0,1.4,269.5,270.1,71.5,19.6,0.261,28.0,100.0,269.72,3.0,0.0,1.0,0.0,0.0,0.0,0.0,0.0,0.0,0.0,0.0,0.0,0.0,0.0,0.0,20.0,8.0,269.8,33.0,32.0,32.0,0.0,0.0,104.0,131.0,3.832,3.856,3.855,3.833,3.858,3.856,3.62,4.35,3.73,30.0,51.0,19.0,51.0,57.0,42.0,13.5,2123.0,2063.0,0.0,4.562,3.675
Sat Aug 19 15:54:02 KST 2023,0,1.0,0.0,0.0,0.0,0.0,0.0,1.0,0.0,0.0,72.0,44.0,259.0,0.2,269.8,269.9,71.5,19.6,0.261,28.0,100.0,269.89,3.0,0.0,1.0,0.0,0.0,0.0,0.0,0.0,0.0,0.0,0.0,0.0,0.0,0.0,0.0,20.0,8.0,269.9,33.0,32.0,32.0,0.0,0.0,104.0,131.0,3.833,3.858,3.856,3.834,3.859,3.857,3.62,4.35,3.73,30.0,51.0,19.0,51.0,57.0,42.0,13.5,2058.0,2052.0,0.0,4.568,3.675
Sat Aug 19 15:54:03 KST 2023,0,1.0,0.0,0.0,0.0,0.0,0.0,1.0,0.0,0.0,72.0,44.0,259.0,0.2,269.9,270.0,71.5,19.6,0.261,28.0,100.0,269.97,3.0,0.0,1.0,0.0,0.0,0.0,0.0,0.0,0.0,0.0,0.0,0.0,0.0,0.0,0.0,20.0,8.0,269.9,33.0,32.0,32.0,0.0,0.0,104.0,131.0,3.835,3.859,3.857,3.835,3.86,3.858,3.62,4.35,3.73,19.0,51.0,19.0,51.0,57.0,42.0,13.6,2057.0,2053.0,0.0,4.606,3.675
Sat Aug 19 15:54:04 KST 2023,0,1.0,0.0,0.0,0.0,0.0,0.0,1.0,0.0,0.0,72.0,44.0,259.0,5.9,269.2,270.2,71.5,19.6,0.261,28.0,100.0,269.03,3.0,0.0,1.0,0.0,0.0,0.0,0.0,0.0,0.0,0.0,0.0,0.0,0.0,0.0,0.0,20.0,8.0,268.7,33.0,32.0,32.0,0.0,0.0,104.0,131.0,3.815,3.842,3.839,3.85,3.876,3.876,3.62,4.35,3.73,12.0,51.0,56.0,51.0,57.0,42.0,13.5,2057.0,2052.0,0.0,4.61,3.675
Sat Aug 19 15:54:05 KST 2023,0,1.0,0.0,0.0,0.0,0.0,0.0,1.0,0.0,0.0,72.0,44.0,261.0,10.5,268.5,271.3,71.5,19.6,0.261,28.0,100.0,268.52,3.0,0.0,1.0,0.0,0.0,0.0,0.0,0.0,0.0,0.0,0.0,0.0,0.0,0.0,0.0,20.0,8.0,268.4,33.0,32.0,32.0,0.0,0.0,104.0,131.0,3.812,3.841,3.838,3.853,3.88,3.876,3.62,4.35,3.73,47.0,51.0,19.0,51.0,57.0,42.0,13.5,2057.0,2052.0,0.0,4.61,3.675
Sat Aug 19 15:54:06 KST 2023,0,1.0,0.0,0.0,0.0,0.0,0.0,1.0,0.0,0.0,72.0,44.0,262.0,9.8,268.5,271.1,71.5,19.6,0.261,28.0,100.0,268.57,3.0,0.0,1.0,0.0,0.0,0.0,0.0,0.0,0.0,0.0,0.0,0.0,0.0,0.0,0.0,20.0,8.0,268.5,33.0,32.0,32.0,0.0,0.0,104.0,131.0,3.812,3.839,3.836,3.85,3.877,3.874,3.62,4.35,3.73,45.0,51.0,56.0,51.0,57.0,42.0,13.5,2057.0,2052.0,0.0,4.61,3.675
Sat Aug 19 15:54:07 KST 2023,0,1.0,0.0,0.0,0.0,0.0,0.0,1.0,0.0,0.0,72.0,44.0,261.0,10.2,268.4,271.1,71.5,19.6,0.261,28.0,100.0,268.42,3.0,0.0,1.0,0.0,0.0,0.0,0.0,0.0,0.0,0.0,0.0,0.0,0.0,0.0,0.0,20.0,8.0,268.3,33.0,32.0,32.0,0.0,0.0,104.0,131.0,3.808,3.836,3.836,3.85,3.877,3.874,3.62,4.35,3.73,19.0,51.0,19.0,51.0,57.0,42.0,13.5,2277.0,2086.0,0.0,4.61,3.675
Sat Aug 19 15:54:08 KST 2023,0,1.0,0.0,0.0,0.0,0.0,0.0,1.0,0.0,0.0,72.0,44.0,259.0,4.3,269.2,270.4,71.5,19.6,0.261,28.0,100.0,269.31,3.0,0.0,1.0,0.0,0.0,0.0,0.0,0.0,0.0,0.0,0.0,0.0,0.0,0.0,0.0,20.0,8.0,269.3,33.0,32.0,32.0,0.0,0.0,104.0,131.0,3.824,3.849,3.847,3.84,3.866,3.864,3.62,4.35,3.73,56.0,51.0,47.0,51.0,57.0,42.0,13.5,2159.0,2067.0,0.0,4.61,3.675
Sat Aug 19 15:54:09 KST 2023,0,1.0,0.0,0.0,0.0,0.0,0.0,1.0,0.0,0.0,72.0,44.0,260.0,15.4,267.7,270.4,71.5,19.6,0.261,28.0,100.0,267.78,3.0,0.0,1.0,0.0,0.0,0.0,0.0,0.0,0.0,0.0,0.0,0.0,0.0,0.0,0.0,20.0,8.0,267.4,33.0,32.0,32.0,0.0,0.0,104.0,131.0,3.778,3.821,3.818,3.865,3.893,3.89,3.62,4.35,3.73,56.0,51.0,45.0,51.0,57.0,42.0,13.7,2502.0,2119.0,0.0,4.61,3.675
Sat Aug 19 15:54:10 KST 2023,0,1.0,0.0,0.0,0.0,0.0,0.0,1.0,0.0,0.0,72.0,44.0,262.0,17.6,267.2,272.3,71.5,19.6,0.261,28.0,100.0,267.02,3.0,0.0,1.0,0.0,0.0,0.0,0.0,0.0,0.0,0.0,0.0,0.0,0.0,0.0,0.0,20.0,8.0,267.5,33.0,32.0,32.0,0.0,0.0,104.0,131.0,3.792,3.826,3.82,3.856,3.884,3.882,3.62,4.35,3.73,56.0,51.0,45.0,51.0,57.0,42.0,13.7,2369.0,2098.0,0.0,4.61,3.675
Sat Aug 19 15:54:11 KST 2023,0,1.0,0.0,0.0,0.0,0.0,0.0,1.0,0.0,0.0,72.0,44.0,262.0,20.2,266.9,271.4,71.0,19.6,0.261,28.5,100.0,267.7,3.0,0.0,1.0,0.0,0.0,0.0,0.0,0.0,0.0,0.0,0.0,0.0,0.0,0.0,0.0,20.0,8.0,267.2,33.0,32.0,32.0,0.0,0.0,104.0,131.0,3.78,3.818,3.811,3.856,3.885,3.882,3.62,4.35,3.73,56.0,57.0,19.0,51.0,57.0,42.0,13.4,3006.0,2194.0,0.0,4.61,3.675
Sat Aug 19 15:54:12 KST 2023,0,1.0,0.0,0.0,0.0,0.0,0.0,1.0,0.0,0.0,72.0,44.0,266.0,32.1,264.9,274.6,71.0,19.6,0.261,28.5,100.0,264.15,3.0,0.0,1.0,0.0,0.0,0.0,0.0,0.0,0.0,0.0,0.0,0.0,0.0,0.0,0.0,20.0,8.0,265.8,33.0,32.0,32.0,0.0,0.0,104.0,131.0,3.765,3.801,3.794,3.871,3.899,3.894,3.62,4.35,3.73,42.0,43.0,19.0,51.0,57.0,42.0,13.5,2696.0,2150.0,0.0,4.61,3.675
Sat Aug 19 15:54:13 KST 2023,0,1.0,0.0,0.0,0.0,0.0,0.0,1.0,0.0,0.0,72.0,44.0,266.0,13.6,267.2,272.7,71.0,19.6,0.261,28.5,100.0,268.11,3.0,0.0,1.0,0.0,0.0,0.0,0.0,0.0,0.0,0.0,0.0,0.0,0.0,0.0,0.0,20.0,8.0,268.2,33.0,32.0,32.0,0.0,0.0,104.0,131.0,3.807,3.835,3.833,3.834,3.862,3.86,3.62,4.35,3.73,56.0,51.0,19.0,51.0,57.0,42.0,13.5,2213.0,2074.0,0.0,4.699,3.68
Sat Aug 19 15:54:14 KST 2023,0,1.0,0.0,0.0,0.0,0.0,0.0,1.0,0.0,0.0,72.0,44.0,221.0,6.0,268.5,269.8,71.0,19.6,0.261,28.5,100.0,268.58,3.0,0.0,1.0,0.0,0.0,0.0,0.0,0.0,0.0,0.0,0.0,0.0,0.0,0.0,0.0,20.0,8.0,268.6,33.0,32.0,32.0,0.0,0.0,104.0,131.0,3.814,3.84,3.838,3.835,3.862,3.859,3.62,4.35,3.73,19.0,51.0,19.0,51.0,57.0,42.0,13.5,2173.0,2069.0,0.0,4.304,3.679
Sat Aug 19 15:54:15 KST 2023,0,1.0,0.0,0.0,0.0,0.0,0.0,1.0,0.0,0.0,72.0,44.0,248.0,4.9,268.7,270.1,71.0,19.6,0.261,28.5,100.0,268.79,3.0,0.0,1.0,0.0,0.0,0.0,0.0,0.0,0.0,0.0,0.0,0.0,0.0,0.0,0.0,20.0,8.0,268.8,33.0,32.0,32.0,0.0,0.0,104.0,131.0,3.815,3.843,3.84,3.834,3.861,3.859,3.62,4.35,3.73,19.0,51.0,19.0,51.0,57.0,42.0,13.5,2152.0,2067.0,0.0,4.465,3.677
Sat Aug 19 15:54:16 KST 2023,0,1.0,0.0,0.0,0.0,0.0,0.0,1.0,0.0,0.0,72.0,44.0,259.0,3.8,268.9,270.0,71.0,19.6,0.261,28.5,100.0,268.95,3.0,0.0,1.0,0.0,0.0,0.0,0.0,0.0,0.0,0.0,0.0,0.0,0.0,0.0,0.0,20.0,8.0,268.9,33.0,32.0,32.0,0.0,0.0,104.0,131.0,3.818,3.846,3.844,3.833,3.86,3.858,3.62,4.35,3.73,19.0,51.0,19.0,51.0,57.0,42.0,13.4,2129.0,2063.0,0.0,4.535,3.677
Sat Aug 19 15:54:17 KST 2023,0,1.0,0.0,0.0,0.0,0.0,0.0,1.0,0.0,0.0,72.0,44.0,258.0,2.8,269.1,269.9,71.0,19.6,0.261,28.5,100.0,269.18,3.0,0.0,1.0,0.0,0.0,0.0,0.0,0.0,0.0,0.0,0.0,0.0,0.0,0.0,0.0,20.0,8.0,269.2,33.0,32.0,32.0,0.0,0.0,104.0,131.0,3.821,3.848,3.846,3.833,3.859,3.857,3.62,4.35,3.73,19.0,51.0,19.0,51.0,57.0,42.0,13.5,2107.0,2060.0,0.0,4.573,3.677
Sat Aug 19 15:54:18 KST 2023,0,1.0,0.0,0.0,0.0,0.0,0.0,1.0,0.0,0.0,72.0,44.0,258.0,2.0,269.3,269.9,71.0,19.6,0.261,28.5,100.0,269.32,3.0,0.0,1.0,0.0,0.0,0.0,0.0,0.0,0.0,0.0,0.0,0.0,0.0,0.0,0.0,20.0,8.0,269.3,33.0,32.0,32.0,0.0,0.0,104.0,131.0,3.824,3.85,3.848,3.832,3.858,3.856,3.62,4.35,3.73,19.0,51.0,19.0,51.0,57.0,42.0,13.5,2092.0,2058.0,0.0,4.608,3.677
Sat Aug 19 15:54:19 KST 2023,0,1.0,0.0,0.0,0.0,0.0,0.0,1.0,0.0,0.0,72.0,44.0,258.0,1.5,269.4,269.9,71.0,19.6,0.261,28.5,100.0,269.48,3.0,0.0,1.0,0.0,0.0,0.0,0.0,0.0,0.0,0.0,0.0,0.0,0.0,0.0,0.0,20.0,8.0,269.4,33.0,32.0,32.0,0.0,0.0,104.0,131.0,3.826,3.852,3.85,3.832,3.858,3.856,3.62,4.35,3.73,30.0,51.0,19.0,51.0,57.0,42.0,13.5,2081.0,2056.0,0.0,4.602,3.677
Sat Aug 19 15:54:20 KST 2023,0,1.0,0.0,0.0,0.0,0.0,0.0,1.0,0.0,0.0,72.0,44.0,259.0,0.7,269.5,269.8,71.0,19.6,0.261,28.5,100.0,269.57,3.0,0.0,1.0,0.0,0.0,0.0,0.0,0.0,0.0,0.0,0.0,0.0,0.0,0.0,0.0,20.0,8.0,269.6,33.0,32.0,32.0,0.0,0.0,104.0,131.0,3.828,3.854,3.852,3.832,3.857,3.855,3.62,4.35,3.73,16.0,51.0,19.0,51.0,57.0,42.0,13.5,2066.0,2054.0,0.0,4.602,3.677
Sat Aug 19 15:54:21 KST 2023,0,1.0,0.0,0.0,0.0,0.0,0.0,1.0,0.0,0.0,72.0,44.0,258.0,0.0,269.7,269.8,71.0,19.6,0.261,28.5,100.0,269.57,3.0,0.0,1.0,0.0,0.0,0.0,0.0,0.0,0.0,0.0,0.0,0.0,0.0,0.0,0.0,20.0,8.0,269.7,33.0,32.0,32.0,0.0,0.0,104.0,131.0,3.831,3.856,3.854,3.831,3.856,3.854,3.62,4.35,3.73,19.0,51.0,19.0,51.0,57.0,42.0,13.6,2053.0,2052.0,0.0,4.602,3.677
Sat Aug 19 15:54:22 KST 2023,0,1.0,0.0,0.0,0.0,0.0,0.0,1.0,0.0,0.0,72.0,44.0,259.0,0.0,269.8,269.8,71.0,19.6,0.261,28.5,100.0,269.87,3.0,0.0,1.0,0.0,0.0,0.0,0.0,0.0,0.0,0.0,0.0,0.0,0.0,0.0,0.0,20.0,8.0,269.8,33.0,32.0,32.0,0.0,0.0,104.0,131.0,3.831,3.857,3.855,3.832,3.857,3.855,3.62,4.35,3.73,19.0,51.0,19.0,51.0,57.0,42.0,13.5,2054.0,2052.0,0.0,4.602,3.677
Sat Aug 19 15:54:23 KST 2023,0,1.0,0.0,0.0,0.0,0.0,0.0,1.0,0.0,0.0,72.0,44.0,259.0,0.0,269.8,269.9,71.0,19.6,0.261,28.5,100.0,269.9,3.0,0.0,1.0,0.0,0.0,0.0,0.0,0.0,0.0,0.0,0.0,0.0,0.0,0.0,0.0,20.0,8.0,269.8,33.0,32.0,32.0,0.0,0.0,104.0,131.0,3.832,3.857,3.856,3.832,3.858,3.856,3.62,4.35,3.73,19.0,51.0,19.0,51.0,57.0,42.0,13.5,2054.0,2052.0,0.0,4.602,3.677
Sat Aug 19 15:54:24 KST 2023,0,1.0,0.0,0.0,0.0,0.0,0.0,1.0,0.0,0.0,72.0,44.0,259.0,0.0,269.9,269.9,71.0,19.6,0.261,28.5,100.0,269.94,3.0,0.0,1.0,0.0,0.0,0.0,0.0,0.0,0.0,0.0,0.0,0.0,0.0,0.0,0.0,20.0,8.0,269.9,33.0,32.0,32.0,0.0,0.0,104.0,131.0,3.832,3.858,3.856,3.833,3.858,3.856,3.62,4.35,3.73,19.0,51.0,19.0,51.0,57.0,42.0,13.5,2054.0,2052.0,0.0,4.602,3.677
Sat Aug 19 15:54:25 KST 2023,0,1.0,0.0,0.0,0.0,0.0,0.0,1.0,0.0,0.0,72.0,44.0,259.0,0.0,269.9,269.9,71.0,19.6,0.261,28.5,100.0,269.97,3.0,0.0,1.0,0.0,0.0,0.0,0.0,0.0,0.0,0.0,0.0,0.0,0.0,0.0,0.0,20.0,8.0,269.9,33.0,32.0,32.0,0.0,0.0,104.0,131.0,3.833,3.858,3.856,3.833,3.859,3.857,3.62,4.35,3.73,19.0,51.0,19.0,51.0,57.0,42.0,13.5,2054.0,2052.0,0.0,4.664,3.677
Sat Aug 19 15:54:26 KST 2023,0,1.0,0.0,0.0,0.0,0.0,0.0,1.0,0.0,0.0,72.0,44.0,259.0,0.0,269.9,270.0,71.0,19.6,0.261,28.5,100.0,270.0,3.0,0.0,1.0,0.0,0.0,0.0,0.0,0.0,0.0,0.0,0.0,0.0,0.0,0.0,0.0,20.0,8.0,270.0,33.0,32.0,32.0,0.0,0.0,104.0,131.0,3.834,3.858,3.857,3.834,3.859,3.857,3.62,4.35,3.73,19.0,51.0,19.0,51.0,57.0,42.0,13.5,2054.0,2052.0,0.0,4.653,3.68
Sat Aug 19 15:54:27 KST 2023,0,1.0,0.0,0.0,0.0,0.0,0.0,1.0,0.0,0.0,72.0,44.0,259.0,0.0,270.0,270.0,71.0,19.6,0.261,28.5,100.0,270.02,3.0,0.0,1.0,0.0,0.0,0.0,0.0,0.0,0.0,0.0,0.0,0.0,0.0,0.0,0.0,20.0,8.0,270.0,33.0,32.0,32.0,0.0,0.0,104.0,131.0,3.834,3.86,3.858,3.835,3.86,3.858,3.62,4.35,3.73,19.0,51.0,19.0,51.0,57.0,42.0,13.5,2053.0,2053.0,0.0,4.629,3.681
Sat Aug 19 15:54:28 KST 2023,0,1.0,0.0,0.0,0.0,0.0,0.0,1.0,0.0,0.0,72.0,44.0,259.0,0.0,270.0,270.0,71.0,19.6,0.261,28.5,100.0,270.05,3.0,0.0,1.0,0.0,0.0,0.0,0.0,0.0,0.0,0.0,0.0,0.0,0.0,0.0,0.0,20.0,8.0,270.0,33.0,32.0,32.0,0.0,0.0,104.0,131.0,3.835,3.86,3.858,3.835,3.86,3.858,3.62,4.35,3.73,19.0,51.0,19.0,51.0,57.0,42.0,13.5,2054.0,2052.0,0.0,4.64,3.681
Sat Aug 19 15:54:29 KST 2023,0,1.0,0.0,0.0,0.0,0.0,0.0,1.0,0.0,0.0,72.0,44.0,259.0,0.0,270.0,270.0,71.0,19.6,0.261,28.5,100.0,270.07,3.0,0.0,1.0,0.0,0.0,0.0,0.0,0.0,0.0,0.0,0.0,0.0,0.0,0.0,0.0,20.0,8.0,270.0,33.0,32.0,32.0,0.0,0.0,104.0,131.0,3.835,3.86,3.858,3.835,3.861,3.859,3.62,4.35,3.73,19.0,51.0,19.0,51.0,57.0,42.0,13.5,2054.0,2052.0,0.0,4.64,3.681
Sat Aug 19 15:54:30 KST 2023,0,1.0,0.0,0.0,0.0,0.0,0.0,1.0,0.0,0.0,72.0,44.0,259.0,0.0,270.0,270.1,71.0,19.6,0.261,28.5,100.0,270.09,3.0,0.0,1.0,0.0,0.0,0.0,0.0,0.0,0.0,0.0,0.0,0.0,0.0,0.0,0.0,20.0,8.0,270.1,33.0,32.0,32.0,0.0,0.0,104.0,131.0,3.835,3.861,3.859,3.836,3.861,3.859,3.62,4.35,3.73,19.0,51.0,19.0,51.0,57.0,42.0,13.5,2054.0,2052.0,0.0,4.307,3.68
Sat Aug 19 15:54:31 KST 2023,0,1.0,0.0,0.0,0.0,0.0,0.0,1.0,0.0,0.0,72.0,44.0,259.0,0.0,270.1,270.1,71.0,19.6,0.261,28.5,100.0,270.11,3.0,0.0,1.0,0.0,0.0,0.0,0.0,0.0,0.0,0.0,0.0,0.0,0.0,0.0,0.0,20.0,8.0,270.1,33.0,32.0,32.0,0.0,0.0,104.0,131.0,3.836,3.861,3.859,3.836,3.861,3.859,3.62,4.35,3.73,19.0,51.0,19.0,51.0,57.0,42.0,13.5,2053.0,2052.0,0.0,4.479,3.678
Sat Aug 19 15:54:32 KST 2023,0,1.0,0.0,0.0,0.0,0.0,0.0,1.0,0.0,0.0,72.0,44.0,259.0,0.0,270.1,270.1,71.0,19.6,0.261,28.5,100.0,270.13,3.0,0.0,1.0,0.0,0.0,0.0,0.0,0.0,0.0,0.0,0.0,0.0,0.0,0.0,0.0,20.0,8.0,270.1,33.0,32.0,32.0,0.0,0.0,104.0,131.0,3.836,3.861,3.859,3.836,3.861,3.859,3.62,4.35,3.73,19.0,51.0,19.0,51.0,57.0,42.0,13.5,2054.0,2052.0,0.0,4.538,3.678
Sat Aug 19 15:54:33 KST 2023,0,1.0,0.0,0.0,0.0,0.0,0.0,1.0,0.0,0.0,72.0,44.0,259.0,0.0,270.1,270.1,71.0,19.6,0.261,28.5,100.0,270.15,3.0,0.0,1.0,0.0,0.0,0.0,0.0,0.0,0.0,0.0,0.0,0.0,0.0,0.0,0.0,20.0,8.0,270.1,33.0,32.0,32.0,0.0,0.0,104.0,131.0,3.836,3.861,3.859,3.837,3.862,3.86,3.62,4.35,3.73,19.0,51.0,19.0,51.0,57.0,42.0,13.5,2054.0,2052.0,0.0,4.579,3.678
Sat Aug 19 15:54:34 KST 2023,0,1.0,0.0,0.0,0.0,0.0,0.0,1.0,0.0,0.0,72.0,44.0,259.0,0.0,270.1,270.2,71.0,19.6,0.261,28.5,100.0,270.18,3.0,0.0,1.0,0.0,0.0,0.0,0.0,0.0,0.0,0.0,0.0,0.0,0.0,0.0,0.0,20.0,8.0,270.1,33.0,32.0,32.0,0.0,0.0,104.0,131.0,3.836,3.862,3.86,3.837,3.862,3.86,3.62,4.35,3.73,19.0,51.0,19.0,51.0,57.0,42.0,13.5,2054.0,2052.0,0.0,4.581,3.678
Sat Aug 19 15:54:35 KST 2023,0,1.0,0.0,0.0,0.0,0.0,0.0,1.0,0.0,0.0,72.0,44.0,259.0,0.0,270.1,270.2,71.0,19.6,0.261,28.5,100.0,270.2,3.0,0.0,1.0,0.0,0.0,0.0,0.0,0.0,0.0,0.0,0.0,0.0,0.0,0.0,0.0,20.0,8.0,270.2,33.0,32.0,32.0,0.0,0.0,104.0,131.0,3.837,3.862,3.86,3.837,3.862,3.86,3.62,4.35,3.73,19.0,51.0,19.0,51.0,57.0,42.0,13.5,2054.0,2052.0,0.0,4.608,3.678
Sat Aug 19 15:54:36 KST 2023,0,1.0,0.0,0.0,0.0,0.0,0.0,1.0,0.0,0.0,72.0,44.0,260.0,0.0,270.2,270.2,71.0,19.6,0.261,28.5,100.0,270.21,3.0,0.0,1.0,0.0,0.0,0.0,0.0,0.0,0.0,0.0,0.0,0.0,0.0,0.0,0.0,20.0,8.0,270.2,33.0,32.0,32.0,0.0,0.0,104.0,131.0,3.837,3.862,3.86,3.837,3.862,3.86,3.62,4.35,3.73,19.0,51.0,19.0,51.0,57.0,42.0,13.5,2054.0,2052.0,0.0,4.602,3.678
Sat Aug 19 15:54:37 KST 2023,0,1.0,0.0,0.0,0.0,0.0,0.0,1.0,0.0,0.0,72.0,44.0,260.0,0.0,270.2,270.2,71.0,19.6,0.261,28.5,100.0,270.23,3.0,0.0,1.0,0.0,0.0,0.0,0.0,0.0,0.0,0.0,0.0,0.0,0.0,0.0,0.0,20.0,8.0,270.2,33.0,32.0,32.0,0.0,0.0,104.0,131.0,3.837,3.862,3.86,3.837,3.863,3.861,3.62,4.35,3.73,19.0,51.0,19.0,51.0,57.0,42.0,13.5,2054.0,2052.0,0.0,4.602,3.678
Sat Aug 19 15:54:38 KST 2023,0,1.0,0.0,0.0,0.0,0.0,0.0,1.0,0.0,0.0,72.0,44.0,260.0,0.0,270.2,270.2,71.0,19.6,0.261,28.5,100.0,270.24,3.0,0.0,1.0,0.0,0.0,0.0,0.0,0.0,0.0,0.0,0.0,0.0,0.0,0.0,0.0,20.0,8.0,270.2,33.0,32.0,32.0,0.0,0.0,104.0,131.0,3.838,3.863,3.86,3.838,3.863,3.861,3.62,4.35,3.73,19.0,51.0,19.0,51.0,57.0,42.0,13.5,2054.0,2052.0,0.0,4.602,3.678
Sat Aug 19 15:54:39 KST 2023,0,1.0,0.0,0.0,0.0,0.0,0.0,1.0,0.0,0.0,72.0,44.0,260.0,0.0,270.2,270.2,71.0,19.6,0.261,28.5,100.0,270.25,3.0,0.0,1.0,0.0,0.0,0.0,0.0,0.0,0.0,0.0,0.0,0.0,0.0,0.0,0.0,20.0,8.0,270.2,33.0,32.0,32.0,0.0,0.0,104.0,131.0,3.838,3.863,3.861,3.838,3.863,3.861,3.62,4.35,3.73,19.0,51.0,19.0,51.0,57.0,42.0,13.5,2054.0,2052.0,0.0,4.602,3.678
Sat Aug 19 15:54:40 KST 2023,0,1.0,0.0,0.0,0.0,0.0,0.0,1.0,0.0,0.0,72.0,44.0,260.0,0.0,270.2,270.2,71.0,19.6,0.261,28.5,100.0,270.27,3.0,0.0,1.0,0.0,0.0,0.0,0.0,0.0,0.0,0.0,0.0,0.0,0.0,0.0,0.0,20.0,8.0,270.2,33.0,32.0,32.0,0.0,0.0,104.0,131.0,3.838,3.863,3.861,3.838,3.863,3.861,3.62,4.35,3.73,19.0,51.0,19.0,51.0,57.0,42.0,13.5,2054.0,2052.0,0.0,4.602,3.678
Sat Aug 19 15:54:41 KST 2023,0,1.0,0.0,0.0,0.0,0.0,0.0,1.0,0.0,0.0,72.0,44.0,260.0,0.0,270.2,270.3,71.0,19.6,0.261,28.5,100.0,270.28,3.0,0.0,1.0,0.0,0.0,0.0,0.0,0.0,0.0,0.0,0.0,0.0,0.0,0.0,0.0,20.0,8.0,270.2,33.0,32.0,32.0,0.0,0.0,104.0,131.0,3.838,3.863,3.861,3.839,3.864,3.862,3.62,4.35,3.73,19.0,51.0,19.0,51.0,57.0,42.0,13.5,2053.0,2052.0,0.0,4.659,3.681
Sat Aug 19 15:54:42 KST 2023,0,1.0,0.0,0.0,0.0,0.0,0.0,1.0,0.0,0.0,72.0,44.0,260.0,0.0,270.2,270.3,71.0,19.6,0.261,28.5,100.0,270.29,3.0,0.0,1.0,0.0,0.0,0.0,0.0,0.0,0.0,0.0,0.0,0.0,0.0,0.0,0.0,20.0,8.0,270.2,33.0,32.0,32.0,0.0,0.0,104.0,131.0,3.838,3.863,3.861,3.839,3.864,3.862,3.62,4.35,3.73,19.0,51.0,19.0,51.0,57.0,42.0,13.5,2054.0,2052.0,0.0,4.637,3.681
Sat Aug 19 15:54:43 KST 2023,0,1.0,0.0,0.0,0.0,0.0,0.0,1.0,0.0,0.0,72.0,44.0,260.0,0.0,270.2,270.3,71.0,19.6,0.261,28.5,100.0,270.3,3.0,0.0,1.0,0.0,0.0,0.0,0.0,0.0,0.0,0.0,0.0,0.0,0.0,0.0,0.0,20.0,8.0,270.3,33.0,32.0,32.0,0.0,0.0,104.0,131.0,3.838,3.864,3.862,3.839,3.864,3.862,3.62,4.35,3.73,19.0,51.0,19.0,51.0,57.0,42.0,13.5,2054.0,2052.0,0.0,4.629,3.682
Sat Aug 19 15:54:44 KST 2023,0,1.0,0.0,0.0,0.0,0.0,0.0,1.0,0.0,0.0,72.0,44.0,260.0,0.0,270.3,270.3,71.0,19.6,0.261,28.5,100.0,270.32,3.0,0.0,1.0,0.0,0.0,0.0,0.0,0.0,0.0,0.0,0.0,0.0,0.0,0.0,0.0,20.0,8.0,270.3,33.0,32.0,32.0,0.0,0.0,104.0,131.0,3.839,3.864,3.862,3.839,3.864,3.862,3.62,4.35,3.73,19.0,51.0,19.0,51.0,57.0,42.0,13.5,2054.0,2052.0,0.0,5.0,3.682
Sat Aug 19 15:54:45 KST 2023,0,1.0,0.0,0.0,0.0,0.0,0.0,1.0,0.0,0.0,72.0,44.0,260.0,0.0,270.3,270.3,71.0,19.6,0.261,28.5,100.0,270.33,3.0,0.0,1.0,0.0,0.0,0.0,0.0,0.0,0.0,0.0,0.0,0.0,0.0,0.0,0.0,20.0,8.0,270.3,33.0,32.0,32.0,0.0,0.0,104.0,131.0,3.839,3.864,3.862,3.839,3.864,3.862,3.62,4.35,3.73,19.0,51.0,19.0,51.0,57.0,42.0,13.5,2053.0,2052.0,0.0,5.0,3.682
Sat Aug 19 15:54:46 KST 2023,0,1.0,0.0,0.0,0.0,0.0,0.0,1.0,0.0,0.0,72.0,44.0,260.0,0.0,270.3,270.3,71.0,19.6,0.261,28.5,100.0,270.34,3.0,0.0,1.0,0.0,0.0,0.0,0.0,0.0,0.0,0.0,0.0,0.0,0.0,0.0,0.0,20.0,8.0,270.3,33.0,32.0,32.0,0.0,0.0,104.0,131.0,3.839,3.864,3.862,3.839,3.864,3.862,3.62,4.35,3.73,19.0,51.0,19.0,51.0,57.0,42.0,13.5,2054.0,2052.0,0.0,4.248,3.68
Sat Aug 19 15:54:47 KST 2023,0,1.0,0.0,0.0,0.0,0.0,0.0,1.0,0.0,0.0,72.0,44.0,260.0,0.0,270.3,270.3,71.0,19.6,0.261,28.5,100.0,270.35,3.0,0.0,1.0,0.0,0.0,0.0,0.0,0.0,0.0,0.0,0.0,0.0,0.0,0.0,0.0,20.0,8.0,270.3,33.0,32.0,32.0,0.0,0.0,104.0,131.0,3.839,3.864,3.862,3.84,3.865,3.863,3.62,4.35,3.73,19.0,51.0,19.0,51.0,57.0,42.0,13.5,2053.0,2052.0,0.0,4.396,3.678
Sat Aug 19 15:54:48 KST 2023,0,1.0,0.0,0.0,0.0,0.0,0.0,1.0,0.0,0.0,72.0,44.0,260.0,2.0,270.0,270.4,71.0,19.6,0.261,28.5,100.0,270.05,3.0,0.0,1.0,0.0,0.0,0.0,0.0,0.0,0.0,0.0,0.0,0.0,0.0,0.0,0.0,20.0,8.0,269.9,33.0,32.0,32.0,0.0,0.0,104.0,131.0,3.832,3.859,3.857,3.844,3.869,3.867,3.62,4.35,3.73,12.0,51.0,19.0,51.0,57.0,42.0,13.5,2121.0,2062.0,0.0,4.53,3.678
Sat Aug 19 15:54:49 KST 2023,0,1.0,0.0,0.0,0.0,0.0,0.0,1.0,0.0,0.0,72.0,44.0,261.0,5.6,269.5,270.7,71.0,19.6,0.261,28.5,100.0,269.88,3.0,0.0,1.0,0.0,0.0,0.0,0.0,0.0,0.0,0.0,0.0,0.0,0.0,0.0,0.0,20.0,8.0,269.6,33.0,32.0,32.0,0.0,0.0,104.0,131.0,3.822,3.851,3.849,3.847,3.872,3.87,3.62,4.35,3.73,30.0,51.0,26.0,51.0,57.0,42.0,13.5,2229.0,2078.0,0.0,4.602,3.678
Sat Aug 19 15:54:50 KST 2023,0,1.0,0.0,0.0,0.0,0.0,0.0,1.0,0.0,0.0,72.0,44.0,262.0,11.5,268.6,271.3,71.0,19.6,0.261,28.5,100.0,268.9,3.0,0.0,1.0,0.0,0.0,0.0,0.0,0.0,0.0,0.0,0.0,0.0,0.0,0.0,0.0,20.0,8.0,268.8,33.0,32.0,32.0,0.0,0.0,104.0,131.0,3.814,3.842,3.839,3.853,3.881,3.878,3.62,4.35,3.73,30.0,51.0,19.0,51.0,57.0,42.0,13.5,2310.0,2091.0,0.0,4.602,3.678
Sat Aug 19 15:54:51 KST 2023,0,1.0,0.0,0.0,0.0,0.0,0.0,1.0,0.0,0.0,72.0,44.0,267.0,20.7,267.2,272.8,71.0,19.6,0.261,28.5,100.0,267.64,3.0,0.0,1.0,0.0,0.0,0.0,0.0,0.0,0.0,0.0,0.0,0.0,0.0,0.0,0.0,20.0,8.0,267.5,33.0,32.0,32.0,0.0,0.0,104.0,131.0,3.792,3.825,3.819,3.862,3.89,3.892,3.62,4.35,3.73,56.0,51.0,19.0,51.0,57.0,42.0,13.5,2523.0,2124.0,0.0,4.613,3.678
Sat Aug 19 15:54:52 KST 2023,0,1.0,0.0,0.0,0.0,0.0,0.0,1.0,0.0,0.0,72.0,44.0,266.0,27.4,266.0,273.2,71.0,19.6,0.261,28.5,100.0,265.82,3.0,0.0,1.0,0.0,0.0,0.0,0.0,0.0,0.0,0.0,0.0,0.0,0.0,0.0,0.0,20.0,8.0,266.5,33.0,32.0,32.0,0.0,0.0,104.0,131.0,3.753,3.812,3.804,3.876,3.906,3.903,3.62,4.35,3.73,56.0,57.0,56.0,51.0,57.0,42.0,13.5,2652.0,2142.0,0.0,4.613,3.678
Sat Aug 19 15:54:53 KST 2023,0,1.0,0.0,0.0,0.0,0.0,0.0,1.0,0.0,0.0,72.0,44.0,265.0,29.3,265.5,273.1,71.0,19.6,0.261,28.5,100.0,265.6,3.0,0.0,1.0,0.0,0.0,0.0,0.0,0.0,0.0,0.0,0.0,0.0,0.0,0.0,0.0,20.0,8.0,265.4,33.0,32.0,32.0,0.0,0.0,104.0,131.0,3.761,3.803,3.796,3.876,3.908,3.905,3.62,4.35,3.73,56.0,57.0,47.0,51.0,57.0,42.0,13.5,2675.0,2147.0,0.0,4.613,3.678
Sat Aug 19 15:54:54 KST 2023,0,1.0,0.0,0.0,0.0,0.0,0.0,1.0,0.0,0.0,72.0,44.0,264.0,36.3,264.4,273.2,71.0,19.6,0.261,28.5,100.0,264.93,3.0,0.0,1.0,0.0,0.0,0.0,0.0,0.0,0.0,0.0,0.0,0.0,0.0,0.0,0.0,20.0,8.0,264.6,33.0,32.0,32.0,0.0,0.0,104.0,131.0,3.677,3.758,3.742,3.885,3.936,3.928,3.62,4.35,3.73,40.0,57.0,45.0,51.0,57.0,42.0,13.5,2719.0,2151.0,0.0,4.613,3.678
Sat Aug 19 15:54:55 KST 2023,0,1.0,0.0,0.0,0.0,0.0,0.0,1.0,0.0,0.0,72.0,44.0,269.0,92.2,256.6,274.9,71.0,19.6,0.235,28.5,100.0,257.79,3.0,0.0,1.0,0.0,0.0,0.0,0.0,0.0,0.0,0.0,0.0,0.0,0.0,0.0,0.0,20.0,8.0,252.9,33.0,32.0,32.0,0.0,0.0,104.0,131.0,3.422,3.693,3.635,3.909,4.01,3.992,3.23,4.21,3.36,41.0,43.0,20.0,29.0,57.0,42.0,13.5,3885.0,2392.0,0.0,4.463,3.678
Sat Aug 19 15:54:56 KST 2023,0,1.0,0.0,0.0,0.0,0.0,0.0,1.0,0.0,0.0,72.0,31.0,279.0,127.4,250.6,279.0,71.0,19.5,0.235,28.5,100.0,252.29,3.0,0.0,1.0,0.0,0.0,0.0,0.0,0.0,0.0,1.0,0.0,0.0,0.0,0.0,0.0,20.0,8.0,251.4,33.0,32.0,32.0,0.0,0.0,104.0,131.0,3.447,3.639,3.573,3.951,4.023,4.013,3.23,4.21,3.36,16.0,43.0,20.0,29.0,57.0,18.0,13.4,3888.0,2617.0,0.0,4.847,3.68
Sat Aug 19 15:54:57 KST 2023,0,1.0,0.0,0.0,0.0,0.0,0.0,1.0,0.0,0.0,72.0,41.0,267.0,33.7,262.7,269.7,71.0,19.5,0.214,28.5,100.0,264.0,3.0,0.0,1.0,0.0,0.0,0.0,0.0,0.0,0.0,0.0,0.0,0.0,0.0,0.0,0.0,20.0,8.0,262.6,33.0,32.0,32.0,0.0,0.0,104.0,131.0,3.724,3.764,3.76,3.818,3.876,3.864,2.78,4.23,3.05,42.0,51.0,45.0,43.0,57.0,18.0,13.5,2722.0,2154.0,0.0,4.884,3.68
Sat Aug 19 15:54:58 KST 2023,0,1.0,0.0,0.0,0.0,0.0,0.0,1.0,0.0,0.0,72.0,44.0,266.0,20.8,264.8,269.5,70.5,19.5,0.214,29.0,100.0,265.18,3.0,0.0,1.0,0.0,0.0,0.0,0.0,0.0,0.0,0.0,0.0,0.0,0.0,0.0,0.0,20.0,8.0,265.4,33.0,32.0,32.0,0.0,0.0,104.0,131.0,3.744,3.781,3.775,3.832,3.863,3.854,2.78,4.23,3.05,42.0,51.0,45.0,43.0,57.0,18.0,13.5,2552.0,2127.0,0.0,4.884,3.68
Sat Aug 19 15:54:59 KST 2023,0,1.0,0.0,0.0,0.0,0.0,0.0,1.0,0.0,0.0,72.0,44.0,262.0,8.2,266.8,268.5,70.5,19.5,0.214,29.0,100.0,267.4,3.0,0.0,1.0,0.0,0.0,0.0,0.0,0.0,0.0,0.0,0.0,0.0,0.0,0.0,0.0,20.0,8.0,267.2,33.0,32.0,32.0,0.0,0.0,104.0,131.0,3.792,3.821,3.818,3.811,3.837,3.835,2.78,4.23,3.05,45.0,51.0,45.0,51.0,57.0,18.0,13.3,2252.0,2082.0,0.0,4.884,3.68
Sat Aug 19 15:55:00 KST 2023,0,1.0,0.0,0.0,0.0,0.0,0.0,1.0,0.0,0.0,72.0,44.0,264.0,21.6,265.0,270.0,70.5,19.5,0.214,29.0,100.0,263.63,3.0,0.0,1.0,0.0,0.0,0.0,0.0,0.0,0.0,0.0,0.0,0.0,0.0,0.0,0.0,20.0,8.0,264.8,33.0,32.0,32.0,0.0,0.0,104.0,131.0,3.765,3.8,3.796,3.833,3.864,3.85,2.78,4.23,3.05,56.0,51.0,45.0,43.0,57.0,18.0,13.3,2321.0,2087.0,0.0,4.315,3.679
Sat Aug 19 15:55:01 KST 2023,0,1.0,0.0,0.0,0.0,0.0,0.0,1.0,0.0,0.0,72.0,44.0,264.0,6.9,267.1,268.7,70.5,19.5,0.214,29.0,100.0,267.09,3.0,0.0,1.0,0.0,0.0,0.0,0.0,0.0,0.0,0.0,0.0,0.0,0.0,0.0,0.0,20.0,8.0,267.2,33.0,32.0,32.0,0.0,0.0,104.0,131.0,3.793,3.822,3.819,3.814,3.84,3.837,2.78,4.23,3.05,47.0,51.0,45.0,51.0,57.0,18.0,13.4,2197.0,2073.0,0.0,4.315,3.679
Sat Aug 19 15:55:02 KST 2023,0,1.0,0.0,0.0,0.0,0.0,0.0,1.0,0.0,0.0,72.0,44.0,263.0,8.3,267.1,268.7,70.5,19.5,0.214,29.0,100.0,266.63,3.0,0.0,1.0,0.0,0.0,0.0,0.0,0.0,0.0,0.0,0.0,0.0,0.0,0.0,0.0,20.0,8.0,267.3,33.0,32.0,32.0,0.0,0.0,104.0,131.0,3.794,3.823,3.82,3.816,3.843,3.839,2.78,4.23,3.05,19.0,51.0,15.0,51.0,57.0,18.0,13.4,2232.0,2079.0,0.0,4.315,3.679
Sat Aug 19 15:55:03 KST 2023,0,1.0,0.0,0.0,0.0,0.0,0.0,1.0,0.0,0.0,72.0,44.0,267.0,15.7,266.1,269.6,70.5,19.5,0.214,29.0,100.0,266.06,3.0,0.0,1.0,0.0,0.0,0.0,0.0,0.0,0.0,0.0,0.0,0.0,0.0,0.0,0.0,20.0,8.0,265.9,33.0,32.0,32.0,0.0,0.0,104.0,131.0,3.775,3.808,3.805,3.828,3.855,3.85,2.78,4.23,3.05,42.0,51.0,45.0,51.0,57.0,18.0,13.4,2397.0,2104.0,0.0,4.315,3.679
Sat Aug 19 15:55:04 KST 2023,0,1.0,0.0,0.0,0.0,0.0,0.0,1.0,0.0,0.0,72.0,44.0,270.0,22.1,265.1,270.9,70.5,19.5,0.214,29.0,100.0,265.38,3.0,0.0,1.0,0.0,0.0,0.0,0.0,0.0,0.0,0.0,0.0,0.0,0.0,0.0,0.0,20.0,8.0,265.2,33.0,32.0,32.0,0.0,0.0,104.0,131.0,3.783,3.814,3.812,3.826,3.861,3.854,2.78,4.23,3.05,42.0,51.0,27.0,51.0,57.0,18.0,13.4,2750.0,2159.0,0.0,4.315,3.679
Sat Aug 19 15:55:05 KST 2023,0,1.0,0.0,0.0,0.0,0.0,0.0,1.0,0.0,0.0,72.0,44.0,263.0,22.3,265.3,268.7,70.5,19.5,0.214,29.0,100.0,265.19,3.0,0.0,1.0,0.0,0.0,0.0,0.0,0.0,0.0,0.0,0.0,0.0,0.0,0.0,0.0,20.0,8.0,264.1,33.0,32.0,32.0,0.0,0.0,104.0,131.0,3.727,3.779,3.773,3.83,3.871,3.862,2.78,4.23,3.05,42.0,29.0,27.0,29.0,57.0,18.0,13.4,3202.0,2228.0,0.0,4.315,3.679
Sat Aug 19 15:55:06 KST 2023,0,1.0,0.0,0.0,0.0,0.0,0.0,1.0,0.0,0.0,72.0,44.0,276.0,45.7,261.6,271.0,70.5,19.4,0.194,29.0,100.0,259.85,3.0,0.0,1.0,0.0,0.0,0.0,0.0,0.0,0.0,0.0,0.0,0.0,0.0,0.0,0.0,20.0,8.0,261.2,33.0,32.0,32.0,0.0,0.0,104.0,131.0,3.693,3.752,3.744,3.838,3.888,3.876,2.52,3.96,2.77,56.0,51.0,63.0,29.0,57.0,24.0,13.3,2543.0,2127.0,0.0,4.527,3.679
Sat Aug 19 15:55:07 KST 2023,0,1.0,0.0,0.0,0.0,0.0,0.0,1.0,0.0,0.0,72.0,44.0,282.0,22.5,264.7,269.1,70.5,19.4,0.194,29.0,100.0,262.82,3.0,0.0,1.0,0.0,0.0,0.0,0.0,0.0,0.0,0.0,0.0,0.0,0.0,0.0,0.0,20.0,8.0,265.4,33.0,32.0,32.0,0.0,0.0,104.0,131.0,3.756,3.79,3.783,3.814,3.841,3.836,2.31,3.82,2.54,56.0,57.0,27.0,51.0,57.0,42.0,13.3,2543.0,2127.0,0.0,4.527,3.679
Sat Aug 19 15:55:08 KST 2023,0,1.0,0.0,0.0,0.0,0.0,0.0,1.0,0.0,0.0,72.0,44.0,294.0,37.1,262.8,268.9,70.5,19.4,0.177,29.0,100.0,261.83,3.0,0.0,1.0,0.0,0.0,0.0,0.0,0.0,0.0,0.0,0.0,0.0,0.0,0.0,0.0,20.0,8.0,264.0,33.0,32.0,32.0,0.0,0.0,104.0,131.0,3.724,3.77,3.765,3.82,3.853,3.841,2.31,3.82,2.54,16.0,57.0,27.0,51.0,57.0,42.0,13.3,2543.0,2127.0,0.0,4.713,3.678
Sat Aug 19 15:55:09 KST 2023,0,1.0,0.0,0.0,0.0,0.0,0.0,1.0,0.0,0.0,72.0,44.0,300.0,28.3,263.5,269.4,70.5,19.4,0.177,29.0,100.0,265.19,3.0,0.0,1.0,0.0,0.0,0.0,0.0,0.0,0.0,0.0,0.0,0.0,0.0,0.0,0.0,20.0,8.0,265.5,33.0,32.0,32.0,0.0,0.0,104.0,131.0,3.724,3.77,3.765,3.82,3.853,3.841,2.31,3.82,2.54,16.0,57.0,27.0,51.0,57.0,42.0,13.3,3000.0,2187.0,0.0,4.595,3.678
Sat Aug 19 15:55:10 KST 2023,0,1.0,0.0,0.0,0.0,0.0,0.0,1.0,0.0,0.0,72.0,44.0,288.0,1.4,267.5,267.8,70.5,19.4,0.177,29.0,100.0,267.72,3.0,0.0,1.0,0.0,0.0,0.0,0.0,0.0,0.0,0.0,0.0,0.0,0.0,0.0,0.0,20.0,8.0,267.8,33.0,32.0,32.0,0.0,0.0,104.0,131.0,3.724,3.77,3.765,3.807,3.833,3.83,2.31,3.82,2.54,30.0,51.0,45.0,51.0,57.0,42.0,13.5,2089.0,2054.0,0.0,4.595,3.678
Sat Aug 19 15:55:11 KST 2023,0,1.0,0.0,0.0,0.0,0.0,0.0,1.0,0.0,0.0,72.0,44.0,289.0,0.3,267.9,268.0,70.5,19.4,0.177,29.0,100.0,268.05,3.0,0.0,1.0,0.0,0.0,0.0,0.0,0.0,0.0,0.0,0.0,0.0,0.0,0.0,0.0,20.0,8.0,267.8,33.0,32.0,32.0,0.0,0.0,104.0,131.0,3.803,3.829,3.827,3.803,3.83,3.828,2.31,3.82,2.54,19.0,51.0,68.0,51.0,57.0,42.0,13.3,2058.0,2053.0,0.0,4.291,3.677
Sat Aug 19 15:55:12 KST 2023,0,1.0,0.0,0.0,0.0,0.0,0.0,1.0,0.0,0.0,72.0,44.0,289.0,0.2,268.0,268.0,70.5,19.4,0.177,29.0,100.0,268.05,3.0,0.0,1.0,0.0,0.0,0.0,0.0,0.0,0.0,0.0,0.0,0.0,0.0,0.0,0.0,20.0,8.0,268.0,33.0,32.0,32.0,0.0,0.0,104.0,131.0,3.806,3.832,3.83,3.806,3.832,3.831,2.31,3.82,2.54,19.0,51.0,19.0,51.0,57.0,42.0,13.3,2057.0,2052.0,0.0,4.47,3.676
Sat Aug 19 15:55:13 KST 2023,0,1.0,0.0,0.0,0.0,0.0,0.0,1.0,0.0,0.0,72.0,44.0,289.0,0.1,268.1,268.2,70.5,19.4,0.177,29.0,100.0,268.2,3.0,0.0,1.0,0.0,0.0,0.0,0.0,0.0,0.0,0.0,0.0,0.0,0.0,0.0,0.0,20.0,8.0,268.2,33.0,32.0,32.0,0.0,0.0,104.0,131.0,3.808,3.834,3.832,3.808,3.834,3.832,2.31,3.82,2.54,19.0,51.0,19.0,51.0,57.0,42.0,13.4,2054.0,2052.0,0.0,4.532,3.676
Sat Aug 19 15:55:14 KST 2023,0,1.0,0.0,0.0,0.0,0.0,0.0,1.0,0.0,0.0,72.0,44.0,290.0,0.0,268.2,268.3,70.5,19.4,0.177,29.0,100.0,268.31,3.0,0.0,1.0,0.0,0.0,0.0,0.0,0.0,0.0,0.0,0.0,0.0,0.0,0.0,0.0,20.0,8.0,268.3,33.0,32.0,32.0,0.0,0.0,104.0,131.0,3.809,3.836,3.834,3.809,3.836,3.834,2.31,3.82,2.54,19.0,51.0,19.0,51.0,57.0,42.0,13.3,2054.0,2052.0,0.0,4.586,3.676
Sat Aug 19 15:55:15 KST 2023,0,1.0,0.0,0.0,0.0,0.0,0.0,1.0,0.0,0.0,72.0,44.0,290.0,0.0,268.3,268.4,70.5,19.4,0.177,29.0,100.0,268.41,3.0,0.0,1.0,0.0,0.0,0.0,0.0,0.0,0.0,0.0,0.0,0.0,0.0,0.0,0.0,20.0,8.0,268.4,33.0,32.0,32.0,0.0,0.0,104.0,131.0,3.811,3.837,3.835,3.811,3.837,3.835,2.31,3.82,2.54,19.0,51.0,19.0,51.0,57.0,42.0,13.3,2054.0,2052.0,0.0,4.586,3.676
Sat Aug 19 15:55:16 KST 2023,0,1.0,0.0,0.0,0.0,0.0,0.0,1.0,0.0,0.0,72.0,44.0,290.0,0.0,268.4,268.4,70.5,19.4,0.177,29.0,100.0,268.5,3.0,0.0,1.0,0.0,0.0,0.0,0.0,0.0,0.0,0.0,0.0,0.0,0.0,0.0,0.0,20.0,8.0,268.5,33.0,32.0,32.0,0.0,0.0,104.0,131.0,3.812,3.838,3.835,3.811,3.837,3.835,2.31,3.82,2.54,19.0,51.0,19.0,51.0,57.0,42.0,13.3,2054.0,2052.0,0.0,4.602,3.677
Sat Aug 19 15:55:17 KST 2023,0,1.0,0.0,0.0,0.0,0.0,0.0,1.0,0.0,0.0,72.0,44.0,291.0,0.0,268.5,268.5,70.5,19.4,0.177,29.0,100.0,268.58,3.0,0.0,1.0,0.0,0.0,0.0,0.0,0.0,0.0,0.0,0.0,0.0,0.0,0.0,0.0,20.0,8.0,268.5,33.0,32.0,32.0,0.0,0.0,104.0,131.0,3.812,3.838,3.835,3.811,3.837,3.835,2.31,3.82,2.54,19.0,51.0,19.0,51.0,57.0,42.0,13.4,2054.0,2052.0,0.0,4.621,3.679
Sat Aug 19 15:55:18 KST 2023,0,1.0,0.0,0.0,0.0,0.0,0.0,1.0,0.0,0.0,72.0,44.0,291.0,0.0,268.6,268.6,70.5,19.4,0.177,29.0,100.0,268.64,3.0,0.0,1.0,0.0,0.0,0.0,0.0,0.0,0.0,0.0,0.0,0.0,0.0,0.0,0.0,20.0,8.0,268.6,33.0,32.0,32.0,0.0,0.0,104.0,131.0,3.813,3.839,3.837,3.813,3.839,3.837,2.31,3.82,2.54,19.0,51.0,19.0,51.0,57.0,42.0,13.4,2054.0,2052.0,0.0,4.621,3.679
Sat Aug 19 15:55:19 KST 2023,0,1.0,0.0,0.0,0.0,0.0,0.0,1.0,0.0,0.0,72.0,44.0,291.0,0.0,268.6,268.7,70.5,19.4,0.177,29.0,100.0,268.7,3.0,0.0,1.0,0.0,0.0,0.0,0.0,0.0,0.0,0.0,0.0,0.0,0.0,0.0,0.0,20.0,8.0,268.6,33.0,32.0,32.0,0.0,0.0,104.0,131.0,3.814,3.84,3.838,3.814,3.84,3.838,2.31,3.82,2.54,19.0,51.0,19.0,51.0,57.0,42.0,13.4,2054.0,2052.0,0.0,4.621,3.679
Sat Aug 19 15:55:20 KST 2023,0,1.0,0.0,0.0,0.0,0.0,0.0,1.0,0.0,0.0,72.0,44.0,291.0,0.0,268.7,268.7,70.5,19.4,0.177,29.0,100.0,268.7,3.0,0.0,1.0,0.0,0.0,0.0,0.0,0.0,0.0,0.0,0.0,0.0,0.0,0.0,0.0,20.0,8.0,268.7,33.0,32.0,32.0,0.0,0.0,104.0,131.0,3.815,3.841,3.839,3.815,3.841,3.839,2.31,3.82,2.54,19.0,51.0,19.0,51.0,57.0,42.0,13.4,2054.0,2052.0,0.0,4.621,3.679
Sat Aug 19 15:55:21 KST 2023,0,1.0,0.0,0.0,0.0,0.0,0.0,1.0,0.0,0.0,72.0,44.0,291.0,0.0,268.7,268.7,70.5,19.4,0.177,29.0,100.0,268.77,3.0,0.0,1.0,0.0,0.0,0.0,0.0,0.0,0.0,0.0,0.0,0.0,0.0,0.0,0.0,20.0,8.0,268.7,33.0,32.0,32.0,0.0,0.0,104.0,131.0,3.816,3.842,3.84,3.816,3.842,3.84,2.31,3.82,2.54,19.0,51.0,19.0,51.0,57.0,42.0,13.6,2054.0,2052.0,0.0,4.691,3.679
Sat Aug 19 15:55:22 KST 2023,0,1.0,0.0,0.0,0.0,0.0,0.0,1.0,0.0,0.0,72.0,44.0,291.0,0.0,268.8,268.8,70.5,19.4,0.177,29.0,100.0,268.82,3.0,0.0,1.0,0.0,0.0,0.0,0.0,0.0,0.0,0.0,0.0,0.0,0.0,0.0,0.0,20.0,8.0,268.8,33.0,32.0,32.0,0.0,0.0,104.0,131.0,3.816,3.843,3.841,3.816,3.843,3.841,2.31,3.82,2.54,19.0,51.0,19.0,51.0,57.0,42.0,13.6,2054.0,2052.0,0.0,4.691,3.679
Sat Aug 19 15:55:23 KST 2023,0,1.0,0.0,0.0,0.0,0.0,0.0,1.0,0.0,0.0,72.0,44.0,292.0,0.0,268.8,268.8,70.5,19.4,0.177,29.0,100.0,268.87,3.0,0.0,1.0,0.0,0.0,0.0,0.0,0.0,0.0,0.0,0.0,0.0,0.0,0.0,0.0,20.0,8.0,268.8,33.0,32.0,32.0,0.0,0.0,104.0,131.0,3.817,3.843,3.841,3.816,3.843,3.841,2.31,3.82,2.54,19.0,51.0,19.0,51.0,57.0,42.0,13.6,2054.0,2052.0,0.0,4.653,3.68
Sat Aug 19 15:55:24 KST 2023,0,1.0,0.0,0.0,0.0,0.0,0.0,1.0,0.0,0.0,72.0,44.0,292.0,0.0,268.8,268.9,70.5,19.4,0.177,29.0,100.0,268.91,3.0,0.0,1.0,0.0,0.0,0.0,0.0,0.0,0.0,0.0,0.0,0.0,0.0,0.0,0.0,20.0,8.0,268.9,33.0,32.0,32.0,0.0,0.0,104.0,131.0,3.817,3.843,3.841,3.816,3.843,3.841,2.31,3.82,2.54,19.0,51.0,19.0,51.0,57.0,42.0,13.3,2054.0,2053.0,0.0,4.635,3.68
Sat Aug 19 15:55:25 KST 2023,0,1.0,0.0,0.0,0.0,0.0,0.0,1.0,0.0,0.0,72.0,44.0,292.0,0.0,268.9,268.9,70.5,19.4,0.177,29.0,100.0,268.96,3.0,0.0,1.0,0.0,0.0,0.0,0.0,0.0,0.0,0.0,0.0,0.0,0.0,0.0,0.0,20.0,8.0,268.9,33.0,32.0,32.0,0.0,0.0,104.0,131.0,3.818,3.844,3.842,3.818,3.844,3.842,2.31,3.82,2.54,19.0,51.0,19.0,51.0,57.0,42.0,13.3,2054.0,2052.0,0.0,4.629,3.68
Sat Aug 19 15:55:26 KST 2023,0,1.0,0.0,0.0,0.0,0.0,0.0,1.0,0.0,0.0,72.0,44.0,292.0,0.0,268.9,268.9,70.5,19.4,0.177,29.0,100.0,268.96,3.0,0.0,1.0,0.0,0.0,0.0,0.0,0.0,0.0,0.0,0.0,0.0,0.0,0.0,0.0,20.0,8.0,268.9,33.0,32.0,32.0,0.0,0.0,104.0,131.0,3.818,3.845,3.843,3.818,3.845,3.843,2.31,3.82,2.54,19.0,51.0,19.0,51.0,57.0,42.0,13.3,2054.0,2052.0,0.0,4.629,3.68
Sat Aug 19 15:55:27 KST 2023,0,1.0,0.0,0.0,0.0,0.0,0.0,1.0,0.0,0.0,72.0,44.0,292.0,0.0,268.9,269.0,70.5,19.4,0.177,29.0,100.0,269.0,3.0,0.0,1.0,0.0,0.0,0.0,0.0,0.0,0.0,0.0,0.0,0.0,0.0,0.0,0.0,20.0,8.0,269.0,33.0,32.0,32.0,0.0,0.0,104.0,131.0,3.819,3.845,3.843,3.819,3.845,3.843,2.31,3.82,2.54,19.0,51.0,19.0,51.0,57.0,42.0,13.4,2054.0,2052.0,0.0,4.363,3.678
Sat Aug 19 15:55:28 KST 2023,0,1.0,0.0,0.0,0.0,0.0,0.0,1.0,0.0,0.0,72.0,44.0,292.0,0.0,269.0,269.0,70.5,19.4,0.177,29.0,100.0,269.04,3.0,0.0,1.0,0.0,0.0,0.0,0.0,0.0,0.0,0.0,0.0,0.0,0.0,0.0,0.0,20.0,8.0,269.0,33.0,32.0,32.0,0.0,0.0,104.0,131.0,3.819,3.846,3.844,3.819,3.846,3.844,2.31,3.82,2.54,19.0,51.0,19.0,51.0,57.0,42.0,13.4,2054.0,2052.0,0.0,4.363,3.678
Sat Aug 19 15:55:29 KST 2023,0,1.0,0.0,0.0,0.0,0.0,0.0,1.0,0.0,0.0,72.0,44.0,292.0,0.0,269.0,269.0,70.5,19.4,0.177,29.0,100.0,269.07,3.0,0.0,1.0,0.0,0.0,0.0,0.0,0.0,0.0,0.0,0.0,0.0,0.0,0.0,0.0,20.0,8.0,269.0,33.0,32.0,32.0,0.0,0.0,104.0,131.0,3.819,3.846,3.844,3.82,3.846,3.844,2.31,3.82,2.54,19.0,51.0,19.0,51.0,57.0,42.0,13.4,2054.0,2052.0,0.0,4.521,3.677
Sat Aug 19 15:55:30 KST 2023,0,1.0,0.0,0.0,0.0,0.0,0.0,1.0,0.0,0.0,72.0,44.0,292.0,0.0,269.0,269.1,70.5,19.4,0.177,29.0,100.0,269.11,3.0,0.0,1.0,0.0,0.0,0.0,0.0,0.0,0.0,0.0,0.0,0.0,0.0,0.0,0.0,20.0,8.0,269.1,33.0,32.0,32.0,0.0,0.0,104.0,131.0,3.819,3.846,3.844,3.82,3.846,3.844,2.31,3.82,2.54,19.0,51.0,19.0,51.0,57.0,42.0,13.4,2054.0,2052.0,0.0,4.546,3.677
Sat Aug 19 15:55:31 KST 2023,0,1.0,0.0,0.0,0.0,0.0,0.0,1.0,0.0,0.0,72.0,44.0,292.0,0.0,269.1,269.1,70.5,19.4,0.177,29.0,100.0,269.13,3.0,0.0,1.0,0.0,0.0,0.0,0.0,0.0,0.0,0.0,0.0,0.0,0.0,0.0,0.0,20.0,8.0,269.1,33.0,32.0,32.0,0.0,0.0,104.0,131.0,3.82,3.847,3.845,3.82,3.847,3.845,2.31,3.82,2.54,19.0,51.0,19.0,51.0,57.0,42.0,13.4,2054.0,2052.0,0.0,4.588,3.677
Sat Aug 19 15:55:32 KST 2023,0,1.0,0.0,0.0,0.0,0.0,0.0,1.0,0.0,0.0,72.0,44.0,292.0,0.0,269.1,269.1,70.5,19.4,0.177,29.0,100.0,269.13,3.0,0.0,1.0,0.0,0.0,0.0,0.0,0.0,0.0,0.0,0.0,0.0,0.0,0.0,0.0,20.0,8.0,269.1,33.0,32.0,32.0,0.0,0.0,104.0,131.0,3.82,3.847,3.845,3.821,3.847,3.845,2.31,3.82,2.54,19.0,51.0,19.0,51.0,57.0,42.0,13.3,2054.0,2052.0,0.0,4.624,3.679
Sat Aug 19 15:55:33 KST 2023,0,1.0,0.0,0.0,0.0,0.0,0.0,1.0,0.0,0.0,72.0,44.0,292.0,0.0,269.1,269.1,70.5,19.4,0.177,29.0,100.0,269.17,3.0,0.0,1.0,0.0,0.0,0.0,0.0,0.0,0.0,0.0,0.0,0.0,0.0,0.0,0.0,20.0,8.0,269.1,33.0,32.0,32.0,0.0,0.0,104.0,131.0,3.821,3.848,3.845,3.821,3.848,3.846,2.31,3.82,2.54,19.0,51.0,19.0,51.0,57.0,42.0,13.4,2054.0,2052.0,0.0,4.624,3.679
Sat Aug 19 15:55:34 KST 2023,0,1.0,0.0,0.0,0.0,0.0,0.0,1.0,0.0,0.0,72.0,44.0,293.0,0.0,269.1,269.2,70.5,19.4,0.177,29.0,100.0,269.19,3.0,0.0,1.0,0.0,0.0,0.0,0.0,0.0,0.0,0.0,0.0,0.0,0.0,0.0,0.0,20.0,8.0,269.2,33.0,32.0,32.0,0.0,0.0,104.0,131.0,3.821,3.848,3.846,3.821,3.848,3.846,2.31,3.82,2.54,19.0,51.0,19.0,51.0,57.0,42.0,13.4,2054.0,2052.0,0.0,4.624,3.679
Sat Aug 19 15:55:35 KST 2023,0,1.0,0.0,0.0,0.0,0.0,0.0,1.0,0.0,0.0,72.0,44.0,293.0,0.0,269.2,269.2,70.5,19.4,0.177,29.0,100.0,269.22,3.0,0.0,1.0,0.0,0.0,0.0,0.0,0.0,0.0,0.0,0.0,0.0,0.0,0.0,0.0,20.0,8.0,269.2,33.0,32.0,32.0,0.0,0.0,104.0,131.0,3.822,3.848,3.846,3.822,3.849,3.846,2.31,3.82,2.54,19.0,51.0,19.0,51.0,57.0,42.0,13.4,2054.0,2052.0,0.0,4.624,3.679
Sat Aug 19 15:55:36 KST 2023,0,1.0,0.0,0.0,0.0,0.0,0.0,1.0,0.0,0.0,72.0,44.0,293.0,0.0,269.2,269.2,70.5,19.4,0.177,29.0,100.0,269.25,3.0,0.0,1.0,0.0,0.0,0.0,0.0,0.0,0.0,0.0,0.0,0.0,0.0,0.0,0.0,20.0,8.0,269.2,33.0,32.0,32.0,0.0,0.0,104.0,131.0,3.822,3.848,3.846,3.822,3.849,3.846,2.31,3.82,2.54,19.0,51.0,19.0,51.0,57.0,42.0,13.4,2054.0,2052.0,0.0,4.624,3.679
Sat Aug 19 15:55:37 KST 2023,0,1.0,0.0,0.0,0.0,0.0,0.0,1.0,0.0,0.0,72.0,44.0,293.0,0.0,269.2,269.2,70.5,19.4,0.177,29.0,100.0,269.27,3.0,0.0,1.0,0.0,0.0,0.0,0.0,0.0,0.0,0.0,0.0,0.0,0.0,0.0,0.0,20.0,8.0,269.2,33.0,32.0,32.0,0.0,0.0,104.0,131.0,3.822,3.849,3.847,3.822,3.849,3.847,2.31,3.82,2.54,14.0,51.0,19.0,51.0,57.0,42.0,13.4,2054.0,2052.0,0.0,4.702,3.68
Sat Aug 19 15:55:38 KST 2023,0,1.0,0.0,0.0,0.0,0.0,0.0,1.0,0.0,0.0,72.0,44.0,293.0,0.0,269.2,269.2,70.5,19.4,0.177,29.0,100.0,269.27,3.0,0.0,1.0,0.0,0.0,0.0,0.0,0.0,0.0,0.0,0.0,0.0,0.0,0.0,0.0,20.0,8.0,269.2,33.0,32.0,32.0,0.0,0.0,104.0,131.0,3.822,3.849,3.847,3.822,3.849,3.847,2.31,3.82,2.54,19.0,51.0,19.0,51.0,57.0,42.0,13.4,2054.0,2052.0,0.0,4.651,3.68
Sat Aug 19 15:55:39 KST 2023,0,1.0,0.0,0.0,0.0,0.0,0.0,1.0,0.0,0.0,72.0,44.0,293.0,0.0,269.2,269.3,70.5,19.4,0.177,29.0,100.0,269.29,3.0,0.0,1.0,0.0,0.0,0.0,0.0,0.0,0.0,0.0,0.0,0.0,0.0,0.0,0.0,20.0,8.0,269.3,33.0,32.0,32.0,0.0,0.0,104.0,131.0,3.822,3.849,3.847,3.823,3.85,3.847,2.31,3.82,2.54,19.0,51.0,19.0,51.0,57.0,42.0,13.4,2054.0,2052.0,0.0,4.651,3.68
Sat Aug 19 15:55:40 KST 2023,0,1.0,0.0,0.0,0.0,0.0,0.0,1.0,0.0,0.0,72.0,44.0,293.0,0.0,269.3,269.3,70.5,19.4,0.177,29.0,100.0,269.32,3.0,0.0,1.0,0.0,0.0,0.0,0.0,0.0,0.0,0.0,0.0,0.0,0.0,0.0,0.0,20.0,8.0,269.3,33.0,32.0,32.0,0.0,0.0,104.0,131.0,3.823,3.85,3.847,3.823,3.85,3.848,2.31,3.82,2.54,19.0,51.0,19.0,51.0,57.0,42.0,13.4,2054.0,2052.0,0.0,4.624,3.68
Sat Aug 19 15:55:41 KST 2023,0,1.0,0.0,0.0,0.0,0.0,0.0,1.0,0.0,0.0,72.0,44.0,293.0,0.0,269.3,269.3,70.5,19.4,0.177,29.0,100.0,269.33,3.0,0.0,1.0,0.0,0.0,0.0,0.0,0.0,0.0,0.0,0.0,0.0,0.0,0.0,0.0,20.0,8.0,269.3,33.0,32.0,32.0,0.0,0.0,104.0,131.0,3.823,3.85,3.848,3.823,3.85,3.848,2.31,3.82,2.54,19.0,51.0,19.0,51.0,57.0,42.0,13.4,2054.0,2052.0,0.0,4.624,3.68
Sat Aug 19 15:55:42 KST 2023,0,1.0,0.0,0.0,0.0,0.0,0.0,1.0,0.0,0.0,72.0,44.0,293.0,0.0,269.3,269.3,70.5,19.4,0.177,29.0,100.0,269.35,3.0,0.0,1.0,0.0,0.0,0.0,0.0,0.0,0.0,0.0,0.0,0.0,0.0,0.0,0.0,20.0,8.0,269.3,33.0,32.0,32.0,0.0,0.0,104.0,131.0,3.823,3.85,3.848,3.823,3.85,3.848,2.31,3.82,2.54,19.0,51.0,19.0,51.0,57.0,42.0,13.4,2054.0,2052.0,0.0,4.624,3.68
Sat Aug 19 15:55:43 KST 2023,0,1.0,0.0,0.0,0.0,0.0,0.0,1.0,0.0,0.0,72.0,44.0,293.0,0.0,269.3,269.3,70.5,19.4,0.177,29.0,100.0,269.37,3.0,0.0,1.0,0.0,0.0,0.0,0.0,0.0,0.0,0.0,0.0,0.0,0.0,0.0,0.0,20.0,8.0,269.3,33.0,32.0,32.0,0.0,0.0,104.0,131.0,3.823,3.85,3.848,3.823,3.851,3.848,2.31,3.82,2.54,19.0,51.0,19.0,51.0,57.0,42.0,13.4,2054.0,2052.0,0.0,4.326,3.679
Sat Aug 19 15:55:44 KST 2023,0,1.0,0.0,0.0,0.0,0.0,0.0,1.0,0.0,0.0,72.0,44.0,293.0,0.0,269.3,269.4,70.5,19.4,0.177,29.0,100.0,269.37,3.0,0.0,1.0,0.0,0.0,0.0,0.0,0.0,0.0,0.0,0.0,0.0,0.0,0.0,0.0,20.0,8.0,269.3,33.0,32.0,32.0,0.0,0.0,104.0,131.0,3.823,3.851,3.849,3.824,3.851,3.849,2.31,3.82,2.54,19.0,51.0,19.0,51.0,57.0,42.0,13.5,2051.0,2052.0,0.0,4.433,3.678
Sat Aug 19 15:55:45 KST 2023,0,1.0,0.0,0.0,0.0,0.0,0.0,1.0,0.0,0.0,72.0,44.0,293.0,0.0,269.4,269.4,70.5,19.4,0.177,29.0,100.0,269.37,3.0,0.0,1.0,0.0,0.0,0.0,0.0,0.0,0.0,0.0,0.0,0.0,0.0,0.0,0.0,20.0,8.0,269.4,33.0,32.0,32.0,0.0,0.0,104.0,131.0,3.824,3.851,3.849,3.824,3.851,3.849,2.31,3.82,2.54,19.0,51.0,19.0,51.0,57.0,42.0,13.6,2051.0,2052.0,0.0,4.646,3.678
